ticker,date,close
ABBV,2024-10-01 00:00:00,196.82
ABBV,2024-10-02 00:00:00,195.45
ABBV,2024-10-03 00:00:00,194.29
ABBV,2024-10-06 00:00:00,193.61
ABBV,2024-10-07 00:00:00,193.01
ABBV,2024-10-08 00:00:00,194.75
ABBV,2024-10-09 00:00:00,194.35
ABBV,2024-10-10 00:00:00,194.19
ABBV,2024-10-13 00:00:00,195.65
ABBV,2024-10-14 00:00:00,191.86
ADBE,2024-10-01 00:00:00,505.81
ADBE,2024-10-02 00:00:00,503.8
ADBE,2024-10-03 00:00:00,507.22
ADBE,2024-10-06 00:00:00,487.3
ADBE,2024-10-07 00:00:00,496.24
ADBE,2024-10-08 00:00:00,494.08
ADBE,2024-10-09 00:00:00,503.57
ADBE,2024-10-10 00:00:00,495.42
ADBE,2024-10-13 00:00:00,509.65
ADBE,2024-10-14 00:00:00,508.03
AJG,2024-10-01 00:00:00,285.91
AJG,2024-10-02 00:00:00,286.06
AJG,2024-10-03 00:00:00,289.62
AJG,2024-10-06 00:00:00,286.9
AJG,2024-10-07 00:00:00,293.16
AJG,2024-10-08 00:00:00,294.94
AJG,2024-10-09 00:00:00,285.7
AJG,2024-10-10 00:00:00,287.91
AJG,2024-10-13 00:00:00,289.71
AJG,2024-10-14 00:00:00,287.57
AMAT,2024-10-01 00:00:00,201.15
AMAT,2024-10-02 00:00:00,199.59
AMAT,2024-10-03 00:00:00,201.97
AMAT,2024-10-06 00:00:00,200.13
AMAT,2024-10-07 00:00:00,200.88
AMAT,2024-10-08 00:00:00,205.06
AMAT,2024-10-09 00:00:00,203.96
AMAT,2024-10-10 00:00:00,205.06
AMAT,2024-10-13 00:00:00,213.89
AMAT,2024-10-14 00:00:00,191.02
AMD,2024-10-01 00:00:00,159.78
AMD,2024-10-02 00:00:00,162.85
AMD,2024-10-03 00:00:00,170.9
AMD,2024-10-06 00:00:00,170.97
AMD,2024-10-07 00:00:00,172.8
AMD,2024-10-08 00:00:00,171.02
AMD,2024-10-09 00:00:00,164.18
AMD,2024-10-10 00:00:00,167.89
AMD,2024-10-13 00:00:00,165.27
AMD,2024-10-14 00:00:00,156.64
AZN,2024-10-01 00:00:00,79.58
AZN,2024-10-02 00:00:00,77.93
AZN,2024-10-03 00:00:00,77.47
AZN,2024-10-06 00:00:00,76.87
AZN,2024-10-07 00:00:00,76.87
AZN,2024-10-08 00:00:00,77.505
AZN,2024-10-09 00:00:00,76.87
AZN,2024-10-10 00:00:00,77.35
AZN,2024-10-13 00:00:00,78.1
AZN,2024-10-14 00:00:00,77.85
BA,2024-10-01 00:00:00,152.89
BA,2024-10-02 00:00:00,150.52
BA,2024-10-03 00:00:00,155.0
BA,2024-10-06 00:00:00,155.91
BA,2024-10-07 00:00:00,154.65
BA,2024-10-08 00:00:00,149.37
BA,2024-10-09 00:00:00,146.62
BA,2024-10-10 00:00:00,151.02
BA,2024-10-13 00:00:00,148.99
BA,2024-10-14 00:00:00,152.35
BABA,2024-10-01 00:00:00,115.25
BABA,2024-10-02 00:00:00,112.84
BABA,2024-10-03 00:00:00,114.53
BABA,2024-10-06 00:00:00,117.52
BABA,2024-10-07 00:00:00,109.68
BABA,2024-10-08 00:00:00,107.89
BABA,2024-10-09 00:00:00,109.28
BABA,2024-10-10 00:00:00,110.14
BABA,2024-10-13 00:00:00,107.81
BABA,2024-10-14 00:00:00,101.84
BBY,2024-10-01 00:00:00,99.71
BBY,2024-10-02 00:00:00,98.19
BBY,2024-10-03 00:00:00,99.61
BBY,2024-10-06 00:00:00,97.82
BBY,2024-10-07 00:00:00,98.33
BBY,2024-10-08 00:00:00,98.64
BBY,2024-10-09 00:00:00,97.52
BBY,2024-10-10 00:00:00,97.44
BBY,2024-10-13 00:00:00,96.91
BBY,2024-10-14 00:00:00,97.57
BHP,2024-10-01 00:00:00,62.43
BHP,2024-10-02 00:00:00,60.89
BHP,2024-10-03 00:00:00,60.57
BHP,2024-10-06 00:00:00,60.81
BHP,2024-10-07 00:00:00,58.4
BHP,2024-10-08 00:00:00,58.18
BHP,2024-10-09 00:00:00,58.91
BHP,2024-10-10 00:00:00,58.95
BHP,2024-10-13 00:00:00,59.43
BHP,2024-10-14 00:00:00,58.16
BMY,2024-10-01 00:00:00,53.76
BMY,2024-10-02 00:00:00,54.2
BMY,2024-10-03 00:00:00,53.96
BMY,2024-10-06 00:00:00,53.44
BMY,2024-10-07 00:00:00,52.48
BMY,2024-10-08 00:00:00,52.8
BMY,2024-10-09 00:00:00,52.4
BMY,2024-10-10 00:00:00,52.2
BMY,2024-10-13 00:00:00,52.67
BMY,2024-10-14 00:00:00,52.76
BP,2024-10-01 00:00:00,32.37
BP,2024-10-02 00:00:00,32.46
BP,2024-10-03 00:00:00,32.88
BP,2024-10-06 00:00:00,33.14
BP,2024-10-07 00:00:00,32.03
BP,2024-10-08 00:00:00,31.98
BP,2024-10-09 00:00:00,32.34
BP,2024-10-10 00:00:00,32.11
BP,2024-10-13 00:00:00,31.99
BP,2024-10-14 00:00:00,30.74
BUD,2024-10-01 00:00:00,66.28
BUD,2024-10-02 00:00:00,66.27
BUD,2024-10-03 00:00:00,66.4
BUD,2024-10-06 00:00:00,65.02
BUD,2024-10-07 00:00:00,64.23
BUD,2024-10-08 00:00:00,64.27
BUD,2024-10-09 00:00:00,64.07
BUD,2024-10-10 00:00:00,64.85
BUD,2024-10-13 00:00:00,65.42
BUD,2024-10-14 00:00:00,65.43
CAT,2024-10-01 00:00:00,394.05
CAT,2024-10-02 00:00:00,391.09
CAT,2024-10-03 00:00:00,397.09
CAT,2024-10-06 00:00:00,398.25
CAT,2024-10-07 00:00:00,387.96
CAT,2024-10-08 00:00:00,396.19
CAT,2024-10-09 00:00:00,396.64
CAT,2024-10-10 00:00:00,402.02
CAT,2024-10-13 00:00:00,393.95
CAT,2024-10-14 00:00:00,387.99
CB,2024-10-01 00:00:00,291.33
CB,2024-10-02 00:00:00,288.54
CB,2024-10-03 00:00:00,290.59
CB,2024-10-06 00:00:00,277.18
CB,2024-10-07 00:00:00,279.96
CB,2024-10-08 00:00:00,282.83
CB,2024-10-09 00:00:00,284.7
CB,2024-10-10 00:00:00,286.83
CB,2024-10-13 00:00:00,288.71
CB,2024-10-14 00:00:00,287.4
CMCSA,2024-10-01 00:00:00,41.3
CMCSA,2024-10-02 00:00:00,40.81
CMCSA,2024-10-03 00:00:00,41.19
CMCSA,2024-10-06 00:00:00,40.56
CMCSA,2024-10-07 00:00:00,40.95
CMCSA,2024-10-08 00:00:00,41.4
CMCSA,2024-10-09 00:00:00,41.1
CMCSA,2024-10-10 00:00:00,41.26
CMCSA,2024-10-13 00:00:00,41.97
CMCSA,2024-10-14 00:00:00,42.11
CVX,2024-10-01 00:00:00,150.95
CVX,2024-10-02 00:00:00,151.25
CVX,2024-10-03 00:00:00,150.74
CVX,2024-10-06 00:00:00,151.12
CVX,2024-10-07 00:00:00,148.75
CVX,2024-10-08 00:00:00,149.65
CVX,2024-10-09 00:00:00,150.62
CVX,2024-10-10 00:00:00,151.42
CVX,2024-10-13 00:00:00,151.78
CVX,2024-10-14 00:00:00,147.73
DIS,2024-10-01 00:00:00,94.15
DIS,2024-10-02 00:00:00,93.63
DIS,2024-10-03 00:00:00,95.15
DIS,2024-10-06 00:00:00,92.39
DIS,2024-10-07 00:00:00,92.51
DIS,2024-10-08 00:00:00,93.6
DIS,2024-10-09 00:00:00,92.99
DIS,2024-10-10 00:00:00,94.13
DIS,2024-10-13 00:00:00,94.97
DIS,2024-10-14 00:00:00,94.22
DRI,2024-10-01 00:00:00,162.7
DRI,2024-10-02 00:00:00,161.84
DRI,2024-10-03 00:00:00,164.84
DRI,2024-10-06 00:00:00,159.55
DRI,2024-10-07 00:00:00,159.13
DRI,2024-10-08 00:00:00,158.56
DRI,2024-10-09 00:00:00,155.93
DRI,2024-10-10 00:00:00,156.72
DRI,2024-10-13 00:00:00,156.94
DRI,2024-10-14 00:00:00,160.14
ELV,2024-10-01 00:00:00,505.16
ELV,2024-10-02 00:00:00,498.25
ELV,2024-10-03 00:00:00,492.07
ELV,2024-10-06 00:00:00,492.02
ELV,2024-10-07 00:00:00,489.47
ELV,2024-10-08 00:00:00,493.51
ELV,2024-10-09 00:00:00,492.18
ELV,2024-10-10 00:00:00,501.88
ELV,2024-10-13 00:00:00,509.02
ELV,2024-10-14 00:00:00,483.87
FAST,2024-10-01 00:00:00,71.38
FAST,2024-10-02 00:00:00,70.71
FAST,2024-10-03 00:00:00,70.18
FAST,2024-10-06 00:00:00,70.0
FAST,2024-10-07 00:00:00,70.17
FAST,2024-10-08 00:00:00,70.61
FAST,2024-10-09 00:00:00,69.99
FAST,2024-10-10 00:00:00,76.82
FAST,2024-10-13 00:00:00,76.69
FAST,2024-10-14 00:00:00,76.91
GILD,2024-10-01 00:00:00,84.74
GILD,2024-10-02 00:00:00,84.17
GILD,2024-10-03 00:00:00,84.59
GILD,2024-10-06 00:00:00,84.43
GILD,2024-10-07 00:00:00,85.21
GILD,2024-10-08 00:00:00,86.14
GILD,2024-10-09 00:00:00,84.67
GILD,2024-10-10 00:00:00,84.95
GILD,2024-10-13 00:00:00,85.05
GILD,2024-10-14 00:00:00,85.82
GOOG,2024-10-01 00:00:00,167.31
GOOG,2024-10-02 00:00:00,167.21
GOOG,2024-10-03 00:00:00,168.56
GOOG,2024-10-06 00:00:00,164.39
GOOG,2024-10-07 00:00:00,165.7
GOOG,2024-10-08 00:00:00,163.06
GOOG,2024-10-09 00:00:00,163.18
GOOG,2024-10-10 00:00:00,164.52
GOOG,2024-10-13 00:00:00,166.35
GOOG,2024-10-14 00:00:00,166.9
GOOGL,2024-10-01 00:00:00,165.86
GOOGL,2024-10-02 00:00:00,165.86
GOOGL,2024-10-03 00:00:00,167.06
GOOGL,2024-10-06 00:00:00,162.98
GOOGL,2024-10-07 00:00:00,164.38
GOOGL,2024-10-08 00:00:00,161.86
GOOGL,2024-10-09 00:00:00,162.08
GOOGL,2024-10-10 00:00:00,163.24
GOOGL,2024-10-13 00:00:00,164.96
GOOGL,2024-10-14 00:00:00,165.46
GTLS,2024-10-01 00:00:00,119.8
GTLS,2024-10-02 00:00:00,119.96
GTLS,2024-10-03 00:00:00,123.81
GTLS,2024-10-06 00:00:00,125.98
GTLS,2024-10-07 00:00:00,124.03
GTLS,2024-10-08 00:00:00,126.36
GTLS,2024-10-09 00:00:00,124.74
GTLS,2024-10-10 00:00:00,127.28
GTLS,2024-10-13 00:00:00,127.4
GTLS,2024-10-14 00:00:00,124.56
H,2024-10-01 00:00:00,150.61
H,2024-10-02 00:00:00,150.0
H,2024-10-03 00:00:00,153.69
H,2024-10-06 00:00:00,152.42
H,2024-10-07 00:00:00,152.44
H,2024-10-08 00:00:00,154.03
H,2024-10-09 00:00:00,154.23
H,2024-10-10 00:00:00,155.09
H,2024-10-13 00:00:00,152.32
H,2024-10-14 00:00:00,151.58
HDB,2024-10-01 00:00:00,62.32
HDB,2024-10-02 00:00:00,60.29
HDB,2024-10-03 00:00:00,61.01
HDB,2024-10-06 00:00:00,59.45
HDB,2024-10-07 00:00:00,60.38
HDB,2024-10-08 00:00:00,59.97
HDB,2024-10-09 00:00:00,60.73
HDB,2024-10-10 00:00:00,60.54
HDB,2024-10-13 00:00:00,61.8
HDB,2024-10-14 00:00:00,61.39
HEI,2024-10-01 00:00:00,265.63
HEI,2024-10-02 00:00:00,260.31
HEI,2024-10-03 00:00:00,261.44
HEI,2024-10-06 00:00:00,258.09
HEI,2024-10-07 00:00:00,260.0
HEI,2024-10-08 00:00:00,261.42
HEI,2024-10-09 00:00:00,258.44
HEI,2024-10-10 00:00:00,264.72
HEI,2024-10-13 00:00:00,266.19
HEI,2024-10-14 00:00:00,262.93
HEI,2024-10-15 00:00:00,265.15
HII,2024-10-01 00:00:00,261.52
HII,2024-10-02 00:00:00,257.45
HII,2024-10-03 00:00:00,258.3
HII,2024-10-06 00:00:00,256.38
HII,2024-10-07 00:00:00,257.91
HII,2024-10-08 00:00:00,258.08
HII,2024-10-09 00:00:00,252.85
HII,2024-10-10 00:00:00,259.39
HII,2024-10-13 00:00:00,260.84
HII,2024-10-14 00:00:00,259.33
HII,2024-10-15 00:00:00,260.66
HSBC,2024-10-01 00:00:00,45.05
HSBC,2024-10-02 00:00:00,45.18
HSBC,2024-10-03 00:00:00,45.86
HSBC,2024-10-06 00:00:00,45.67
HSBC,2024-10-07 00:00:00,43.92
HSBC,2024-10-08 00:00:00,44.17
HSBC,2024-10-09 00:00:00,44.28
HSBC,2024-10-10 00:00:00,44.35
HSBC,2024-10-13 00:00:00,44.36
HSBC,2024-10-14 00:00:00,43.83
ICE,2024-10-01 00:00:00,160.92
ICE,2024-10-02 00:00:00,163.26
ICE,2024-10-03 00:00:00,162.76
ICE,2024-10-06 00:00:00,159.54
ICE,2024-10-07 00:00:00,162.09
ICE,2024-10-08 00:00:00,161.74
ICE,2024-10-09 00:00:00,160.65
ICE,2024-10-10 00:00:00,162.57
ICE,2024-10-13 00:00:00,164.38
ICE,2024-10-14 00:00:00,165.18
JBHT,2024-10-01 00:00:00,168.14
JBHT,2024-10-02 00:00:00,166.73
JBHT,2024-10-03 00:00:00,164.52
JBHT,2024-10-06 00:00:00,164.22
JBHT,2024-10-07 00:00:00,165.28
JBHT,2024-10-08 00:00:00,166.09
JBHT,2024-10-09 00:00:00,165.92
JBHT,2024-10-10 00:00:00,170.72
JBHT,2024-10-13 00:00:00,175.46
JBHT,2024-10-14 00:00:00,174.65
JNJ,2024-10-01 00:00:00,161.17
JNJ,2024-10-02 00:00:00,160.5
JNJ,2024-10-03 00:00:00,160.29
JNJ,2024-10-06 00:00:00,159.53
JNJ,2024-10-07 00:00:00,159.69
JNJ,2024-10-08 00:00:00,160.65
JNJ,2024-10-09 00:00:00,160.51
JNJ,2024-10-10 00:00:00,161.46
JNJ,2024-10-13 00:00:00,161.6
JNJ,2024-10-14 00:00:00,164.1
KLAC,2024-10-01 00:00:00,777.36
KLAC,2024-10-02 00:00:00,774.56
KLAC,2024-10-03 00:00:00,787.39
KLAC,2024-10-06 00:00:00,781.67
KLAC,2024-10-07 00:00:00,783.9
KLAC,2024-10-08 00:00:00,804.63
KLAC,2024-10-09 00:00:00,797.98
KLAC,2024-10-10 00:00:00,803.73
KLAC,2024-10-13 00:00:00,829.65
KLAC,2024-10-14 00:00:00,707.72
KLAC,2024-10-15 00:00:00,682.59
KO,2024-10-01 00:00:00,71.01
KO,2024-10-02 00:00:00,70.52
KO,2024-10-03 00:00:00,70.17
KO,2024-10-06 00:00:00,69.01
KO,2024-10-07 00:00:00,69.18
KO,2024-10-08 00:00:00,69.57
KO,2024-10-09 00:00:00,69.25
KO,2024-10-10 00:00:00,69.57
KO,2024-10-13 00:00:00,70.34
KO,2024-10-14 00:00:00,70.34
LMT,2024-10-01 00:00:00,603.2
LMT,2024-10-02 00:00:00,605.82
LMT,2024-10-03 00:00:00,605.13
LMT,2024-10-06 00:00:00,605.54
LMT,2024-10-07 00:00:00,608.05
LMT,2024-10-08 00:00:00,605.11
LMT,2024-10-09 00:00:00,597.49
LMT,2024-10-10 00:00:00,604.17
LMT,2024-10-13 00:00:00,610.87
LMT,2024-10-14 00:00:00,605.0
LMT,2024-10-15 00:00:00,612.83
MDT,2024-10-01 00:00:00,89.12
MDT,2024-10-02 00:00:00,87.77
MDT,2024-10-03 00:00:00,88.26
MDT,2024-10-06 00:00:00,87.04
MDT,2024-10-07 00:00:00,88.14
MDT,2024-10-08 00:00:00,88.35
MDT,2024-10-09 00:00:00,88.85
MDT,2024-10-10 00:00:00,89.36
MDT,2024-10-13 00:00:00,90.01
MDT,2024-10-14 00:00:00,89.84
META,2024-10-01 00:00:00,572.81
META,2024-10-02 00:00:00,582.77
META,2024-10-03 00:00:00,595.94
META,2024-10-06 00:00:00,584.78
META,2024-10-07 00:00:00,592.89
META,2024-10-08 00:00:00,590.51
META,2024-10-09 00:00:00,583.83
META,2024-10-10 00:00:00,589.95
META,2024-10-13 00:00:00,590.42
META,2024-10-14 00:00:00,586.27
MSFT,2024-10-01 00:00:00,417.13
MSFT,2024-10-02 00:00:00,416.54
MSFT,2024-10-03 00:00:00,416.06
MSFT,2024-10-06 00:00:00,409.54
MSFT,2024-10-07 00:00:00,414.71
MSFT,2024-10-08 00:00:00,417.46
MSFT,2024-10-09 00:00:00,415.84
MSFT,2024-10-10 00:00:00,416.32
MSFT,2024-10-13 00:00:00,419.14
MSFT,2024-10-14 00:00:00,418.74
NEE,2024-10-01 00:00:00,85.43
NEE,2024-10-02 00:00:00,85.05
NEE,2024-10-03 00:00:00,83.85
NEE,2024-10-06 00:00:00,80.29
NEE,2024-10-07 00:00:00,80.5
NEE,2024-10-08 00:00:00,80.58
NEE,2024-10-09 00:00:00,80.94
NEE,2024-10-10 00:00:00,81.86
NEE,2024-10-13 00:00:00,82.91
NEE,2024-10-14 00:00:00,82.79
NFLX,2024-10-01 00:00:00,711.09
NFLX,2024-10-02 00:00:00,706.8
NFLX,2024-10-03 00:00:00,719.7
NFLX,2024-10-06 00:00:00,701.92
NFLX,2024-10-07 00:00:00,721.76
NFLX,2024-10-08 00:00:00,727.43
NFLX,2024-10-09 00:00:00,730.29
NFLX,2024-10-10 00:00:00,722.79
NFLX,2024-10-13 00:00:00,713.0
NFLX,2024-10-14 00:00:00,705.98
NKE,2024-10-01 00:00:00,83.1
NKE,2024-10-02 00:00:00,82.1
NKE,2024-10-03 00:00:00,82.25
NKE,2024-10-06 00:00:00,80.83
NKE,2024-10-07 00:00:00,80.77
NKE,2024-10-08 00:00:00,82.45
NKE,2024-10-09 00:00:00,82.1
NKE,2024-10-10 00:00:00,82.15
NKE,2024-10-13 00:00:00,81.6
NKE,2024-10-14 00:00:00,82.12
OXY,2024-10-01 00:00:00,53.44
OXY,2024-10-02 00:00:00,54.79
OXY,2024-10-03 00:00:00,55.76
OXY,2024-10-06 00:00:00,55.91
OXY,2024-10-07 00:00:00,54.32
OXY,2024-10-08 00:00:00,53.9
OXY,2024-10-09 00:00:00,54.57
OXY,2024-10-10 00:00:00,54.76
OXY,2024-10-13 00:00:00,53.91
OXY,2024-10-14 00:00:00,51.56
PG,2024-10-01 00:00:00,171.92
PG,2024-10-02 00:00:00,170.12
PG,2024-10-03 00:00:00,168.88
PG,2024-10-06 00:00:00,167.12
PG,2024-10-07 00:00:00,168.16
PG,2024-10-08 00:00:00,169.27
PG,2024-10-09 00:00:00,168.95
PG,2024-10-10 00:00:00,171.09
PG,2024-10-13 00:00:00,172.51
PG,2024-10-14 00:00:00,173.57
PGR,2024-10-01 00:00:00,254.43
PGR,2024-10-02 00:00:00,252.27
PGR,2024-10-03 00:00:00,255.36
PGR,2024-10-06 00:00:00,245.52
PGR,2024-10-07 00:00:00,249.02
PGR,2024-10-08 00:00:00,250.76
PGR,2024-10-09 00:00:00,251.78
PGR,2024-10-10 00:00:00,254.09
PGR,2024-10-13 00:00:00,251.88
PGR,2024-10-14 00:00:00,251.6
PLD,2024-10-01 00:00:00,124.18
PLD,2024-10-02 00:00:00,122.04
PLD,2024-10-03 00:00:00,122.42
PLD,2024-10-06 00:00:00,120.0
PLD,2024-10-07 00:00:00,119.34
PLD,2024-10-08 00:00:00,118.84
PLD,2024-10-09 00:00:00,118.28
PLD,2024-10-10 00:00:00,120.24
PLD,2024-10-13 00:00:00,120.46
PLD,2024-10-14 00:00:00,121.39
PM,2024-10-01 00:00:00,119.6
PM,2024-10-02 00:00:00,118.38
PM,2024-10-03 00:00:00,119.1
PM,2024-10-06 00:00:00,118.91
PM,2024-10-07 00:00:00,118.8
PM,2024-10-08 00:00:00,120.18
PM,2024-10-09 00:00:00,119.39
PM,2024-10-10 00:00:00,120.1
PM,2024-10-13 00:00:00,120.08
PM,2024-10-14 00:00:00,120.42
PRCT,2024-10-01 00:00:00,75.81
PRCT,2024-10-02 00:00:00,74.31
PRCT,2024-10-03 00:00:00,72.66
PRCT,2024-10-06 00:00:00,69.62
PRCT,2024-10-07 00:00:00,74.0
PRCT,2024-10-08 00:00:00,74.14
PRCT,2024-10-09 00:00:00,72.31
PRCT,2024-10-10 00:00:00,71.7
PRCT,2024-10-13 00:00:00,72.99
PRCT,2024-10-14 00:00:00,72.1
PWR,2024-10-01 00:00:00,299.09
PWR,2024-10-02 00:00:00,298.4
PWR,2024-10-03 00:00:00,305.72
PWR,2024-10-06 00:00:00,307.51
PWR,2024-10-07 00:00:00,308.67
PWR,2024-10-08 00:00:00,307.61
PWR,2024-10-09 00:00:00,306.99
PWR,2024-10-10 00:00:00,309.42
PWR,2024-10-13 00:00:00,310.98
PWR,2024-10-14 00:00:00,305.54
RIO,2024-10-01 00:00:00,70.82
RIO,2024-10-02 00:00:00,69.83
RIO,2024-10-03 00:00:00,69.7
RIO,2024-10-06 00:00:00,69.62
RIO,2024-10-07 00:00:00,66.66
RIO,2024-10-08 00:00:00,66.35
RIO,2024-10-09 00:00:00,66.84
RIO,2024-10-10 00:00:00,67.23
RIO,2024-10-13 00:00:00,67.7
RIO,2024-10-14 00:00:00,66.47
SBUX,2024-10-01 00:00:00,96.5
SBUX,2024-10-02 00:00:00,95.56
SBUX,2024-10-03 00:00:00,96.58
SBUX,2024-10-06 00:00:00,96.09
SBUX,2024-10-07 00:00:00,96.21
SBUX,2024-10-08 00:00:00,95.88
SBUX,2024-10-09 00:00:00,93.88
SBUX,2024-10-10 00:00:00,95.55
SBUX,2024-10-13 00:00:00,94.76
SBUX,2024-10-14 00:00:00,95.04
SHEL,2024-10-01 00:00:00,67.82
SHEL,2024-10-02 00:00:00,68.46
SHEL,2024-10-03 00:00:00,68.51
SHEL,2024-10-06 00:00:00,70.23
SHEL,2024-10-07 00:00:00,68.27
SHEL,2024-10-08 00:00:00,68.22
SHEL,2024-10-09 00:00:00,68.84
SHEL,2024-10-10 00:00:00,68.49
SHEL,2024-10-13 00:00:00,68.38
SHEL,2024-10-14 00:00:00,66.08
SMRT,2024-10-01 00:00:00,1.67
SMRT,2024-10-02 00:00:00,1.6
SMRT,2024-10-03 00:00:00,1.7
SMRT,2024-10-06 00:00:00,1.65
SMRT,2024-10-07 00:00:00,1.66
SMRT,2024-10-08 00:00:00,1.66
SMRT,2024-10-09 00:00:00,1.63
SMRT,2024-10-10 00:00:00,1.68
SMRT,2024-10-13 00:00:00,1.66
SMRT,2024-10-14 00:00:00,1.7
SN,2024-10-01 00:00:00,107.57
SN,2024-10-02 00:00:00,109.05
SN,2024-10-03 00:00:00,109.72
SN,2024-10-06 00:00:00,108.31
SN,2024-10-07 00:00:00,109.62
SN,2024-10-08 00:00:00,109.27
SN,2024-10-09 00:00:00,108.2
SN,2024-10-10 00:00:00,107.3
SN,2024-10-13 00:00:00,107.65
SN,2024-10-14 00:00:00,107.93
SN,2024-10-15 00:00:00,105.12
SNY,2024-10-01 00:00:00,56.25
SNY,2024-10-02 00:00:00,55.54
SNY,2024-10-03 00:00:00,55.47
SNY,2024-10-06 00:00:00,54.76
SNY,2024-10-07 00:00:00,54.85
SNY,2024-10-08 00:00:00,55.15
SNY,2024-10-09 00:00:00,54.77
SNY,2024-10-10 00:00:00,54.96
SNY,2024-10-13 00:00:00,54.92
SNY,2024-10-14 00:00:00,54.57
SO,2024-10-01 00:00:00,91.59
SO,2024-10-02 00:00:00,90.7
SO,2024-10-03 00:00:00,90.31
SO,2024-10-06 00:00:00,88.89
SO,2024-10-07 00:00:00,89.29
SO,2024-10-08 00:00:00,88.93
SO,2024-10-09 00:00:00,88.26
SO,2024-10-10 00:00:00,88.96
SO,2024-10-13 00:00:00,89.84
SO,2024-10-14 00:00:00,90.71
SONY,2024-10-01 00:00:00,18.99
SONY,2024-10-02 00:00:00,18.8
SONY,2024-10-03 00:00:00,18.97
SONY,2024-10-06 00:00:00,19.132
SONY,2024-10-07 00:00:00,19.028
SONY,2024-10-08 00:00:00,19.05
SONY,2024-10-09 00:00:00,18.86
SONY,2024-10-10 00:00:00,18.98
SONY,2024-10-13 00:00:00,19.09
SONY,2024-10-14 00:00:00,18.66
T,2024-10-01 00:00:00,22.19
T,2024-10-02 00:00:00,22.05
T,2024-10-03 00:00:00,21.91
T,2024-10-06 00:00:00,21.78
T,2024-10-07 00:00:00,21.86
T,2024-10-08 00:00:00,21.93
T,2024-10-09 00:00:00,21.22
T,2024-10-10 00:00:00,21.37
T,2024-10-13 00:00:00,21.26
T,2024-10-14 00:00:00,21.51
TCOM,2024-10-01 00:00:00,66.92
TCOM,2024-10-02 00:00:00,64.63
TCOM,2024-10-03 00:00:00,68.43
TCOM,2024-10-06 00:00:00,68.35
TCOM,2024-10-07 00:00:00,61.48
TCOM,2024-10-08 00:00:00,62.39
TCOM,2024-10-09 00:00:00,63.82
TCOM,2024-10-10 00:00:00,65.03
TCOM,2024-10-13 00:00:00,63.64
TCOM,2024-10-14 00:00:00,58.02
TD,2024-10-01 00:00:00,63.14
TD,2024-10-02 00:00:00,63.27
TD,2024-10-03 00:00:00,63.71
TD,2024-10-06 00:00:00,63.8
TD,2024-10-07 00:00:00,63.41
TD,2024-10-08 00:00:00,63.51
TD,2024-10-09 00:00:00,59.44
TD,2024-10-10 00:00:00,57.01
TD,2024-10-13 00:00:00,56.51
TD,2024-10-14 00:00:00,56.32
TMO,2024-10-01 00:00:00,612.72
TMO,2024-10-02 00:00:00,600.92
TMO,2024-10-03 00:00:00,598.61
TMO,2024-10-06 00:00:00,598.85
TMO,2024-10-07 00:00:00,595.45
TMO,2024-10-08 00:00:00,599.25
TMO,2024-10-09 00:00:00,593.79
TMO,2024-10-10 00:00:00,596.92
TMO,2024-10-13 00:00:00,603.79
TMO,2024-10-14 00:00:00,600.52
TSLA,2024-10-01 00:00:00,249.02
TSLA,2024-10-02 00:00:00,240.66
TSLA,2024-10-03 00:00:00,250.08
TSLA,2024-10-06 00:00:00,240.83
TSLA,2024-10-07 00:00:00,244.5
TSLA,2024-10-08 00:00:00,241.05
TSLA,2024-10-09 00:00:00,238.77
TSLA,2024-10-10 00:00:00,217.8
TSLA,2024-10-13 00:00:00,219.16
TSLA,2024-10-14 00:00:00,219.57
TTE,2024-10-01 00:00:00,67.28
TTE,2024-10-02 00:00:00,67.88
TTE,2024-10-03 00:00:00,68.6
TTE,2024-10-06 00:00:00,69.44
TTE,2024-10-07 00:00:00,68.21
TTE,2024-10-08 00:00:00,68.04
TTE,2024-10-09 00:00:00,68.46
TTE,2024-10-10 00:00:00,68.28
TTE,2024-10-13 00:00:00,68.11
TTE,2024-10-14 00:00:00,64.73
TXN,2024-10-01 00:00:00,203.43
TXN,2024-10-02 00:00:00,201.67
TXN,2024-10-03 00:00:00,202.71
TXN,2024-10-06 00:00:00,201.27
TXN,2024-10-07 00:00:00,202.21
TXN,2024-10-08 00:00:00,204.97
TXN,2024-10-09 00:00:00,202.47
TXN,2024-10-10 00:00:00,205.11
TXN,2024-10-13 00:00:00,208.655
TXN,2024-10-14 00:00:00,199.84
UL,2024-10-01 00:00:00,64.14
UL,2024-10-02 00:00:00,62.91
UL,2024-10-03 00:00:00,62.84
UL,2024-10-06 00:00:00,62.23
UL,2024-10-07 00:00:00,62.89
UL,2024-10-08 00:00:00,62.9
UL,2024-10-09 00:00:00,62.4
UL,2024-10-10 00:00:00,62.79
UL,2024-10-13 00:00:00,63.09
UL,2024-10-14 00:00:00,63.32
UNH,2024-10-01 00:00:00,592.31
UNH,2024-10-02 00:00:00,592.75
UNH,2024-10-03 00:00:00,591.2
UNH,2024-10-06 00:00:00,583.56
UNH,2024-10-07 00:00:00,581.58
UNH,2024-10-08 00:00:00,591.22
UNH,2024-10-09 00:00:00,597.7
UNH,2024-10-10 00:00:00,598.05
UNH,2024-10-13 00:00:00,605.4
UNH,2024-10-14 00:00:00,556.29
UPS,2024-10-01 00:00:00,133.01
UPS,2024-10-02 00:00:00,130.72
UPS,2024-10-03 00:00:00,131.25
UPS,2024-10-06 00:00:00,131.2
UPS,2024-10-07 00:00:00,130.96
UPS,2024-10-08 00:00:00,133.0
UPS,2024-10-09 00:00:00,132.84
UPS,2024-10-10 00:00:00,134.6
UPS,2024-10-13 00:00:00,134.57
UPS,2024-10-14 00:00:00,133.8
VZ,2024-10-01 00:00:00,45.05
VZ,2024-10-02 00:00:00,44.52
VZ,2024-10-03 00:00:00,44.18
VZ,2024-10-06 00:00:00,43.84
VZ,2024-10-07 00:00:00,44.01
VZ,2024-10-08 00:00:00,44.11
VZ,2024-10-09 00:00:00,42.95
VZ,2024-10-10 00:00:00,43.0
VZ,2024-10-13 00:00:00,43.19
VZ,2024-10-14 00:00:00,43.74
WELL,2024-10-01 00:00:00,127.03
WELL,2024-10-02 00:00:00,126.46
WELL,2024-10-03 00:00:00,125.56
WELL,2024-10-06 00:00:00,124.27
WELL,2024-10-07 00:00:00,124.77
WELL,2024-10-08 00:00:00,124.34
WELL,2024-10-09 00:00:00,123.11
WELL,2024-10-10 00:00:00,125.18
WELL,2024-10-13 00:00:00,127.6
WELL,2024-10-14 00:00:00,129.25
WMT,2024-10-01 00:00:00,80.43
WMT,2024-10-02 00:00:00,80.43
WMT,2024-10-03 00:00:00,80.94
WMT,2024-10-06 00:00:00,79.1
WMT,2024-10-07 00:00:00,79.71
WMT,2024-10-08 00:00:00,80.4
WMT,2024-10-09 00:00:00,79.61
WMT,2024-10-10 00:00:00,80.1
WMT,2024-10-13 00:00:00,80.29
WMT,2024-10-14 00:00:00,81.65
XOM,2024-10-01 00:00:00,121.52
XOM,2024-10-02 00:00:00,122.58
XOM,2024-10-03 00:00:00,124.83
XOM,2024-10-06 00:00:00,125.37
XOM,2024-10-07 00:00:00,122.04
XOM,2024-10-08 00:00:00,122.09
XOM,2024-10-09 00:00:00,123.14
XOM,2024-10-10 00:00:00,123.61
XOM,2024-10-13 00:00:00,124.08
XOM,2024-10-14 00:00:00,120.35
