Ticker,Date,Open,High,Low,Close,Volume,VolumeWeight,NumberOfTransactions
ALTO,2023-02-28,2.99,3.02,2.92,3,465144,2.9882,5288
ALTO,2023-03-01,2.97,2.97,2.89,2.94,603707,2.9283,5338
ALTO,2023-03-02,2.97,3.12,2.92,3.12,702701,3.0436,4946
ALTO,2023-03-05,3.09,3.14,2.99,3.01,804176,3.0336,4629
ALTO,2023-03-06,3,3.05,2.9,2.99,583518,2.9668,4451
ALTO,2023-03-07,2.99,2.99,2.87,2.91,511366,2.9106,4877
ALTO,2023-03-08,2.89,2.95,2.8001,2.83,691207,2.8319,5114
ALTO,2023-03-09,2.53,2.68,1.81,1.91,4732462.0,2.0179,16355
ALTO,2023-03-12,1.84,2.02,1.765,1.865,1691874.0,1.9089,10821
ALTO,2023-03-13,1.94,2,1.895,1.92,1403679.0,1.9478,9309
ALTO,2023-03-14,1.88,1.95,1.825,1.85,1517182.0,1.8764,8416
ALTO,2023-03-15,1.83,1.865,1.74,1.82,1023522.0,1.8201,5619
ALTO,2023-03-16,1.82,1.83,1.69,1.73,1874642.0,1.7321,6488
ALTO,2023-03-19,1.75,1.75,1.55,1.61,1072413.0,1.6297,6325
ALTO,2023-03-20,1.64,1.66,1.56,1.575,711321,1.5948,4756
ALTO,2023-03-21,1.57,1.635,1.4445,1.45,1981606.0,1.5053,11413
ALTO,2023-03-22,1.45,1.64,1.45,1.54,2292223.0,1.5569,10699
ALTO,2023-03-23,1.53,1.54,1.45,1.5,1424488.0,1.4875,7295
ALTO,2023-03-26,1.55,1.67,1.49,1.65,1760446.0,1.5954,7382
ALTO,2023-03-27,1.65,1.65,1.54,1.55,997603,1.5733,5665
ALTO,2023-03-28,1.58,1.58,1.5125,1.52,1067521.0,1.5347,4554
ALTO,2023-03-29,1.5,1.5589,1.47,1.48,609550,1.5002,3074
ALTO,2023-03-30,1.48,1.52,1.475,1.5,663066,1.4947,3350
ALTO,2023-04-02,1.52,1.615,1.495,1.56,1168360.0,1.5501,6311
ALTO,2023-04-03,1.57,1.61,1.49,1.5,953866,1.5323,4051
ALTO,2023-04-04,1.51,1.52,1.4,1.42,955567,1.4438,5170
ALTO,2023-04-05,1.42,1.43,1.34,1.37,1441708.0,1.3715,5726
ALTO,2023-04-09,1.36,1.43,1.32,1.39,1349231.0,1.371,6330
ALTO,2023-04-10,1.4,1.44,1.315,1.33,1251673.0,1.3515,7148
ALTO,2023-04-11,1.36,1.38,1.3,1.3,1032552.0,1.3188,5758
ALTO,2023-04-12,1.31,1.33,1.28,1.29,762701,1.2945,3011
ALTO,2023-04-13,1.28,1.31,1.25,1.27,1030632.0,1.2748,4596
ALTO,2023-04-16,1.29,1.36,1.26,1.34,1086967.0,1.3192,4178
ALTO,2023-04-17,1.35,1.46,1.33,1.41,880558,1.4001,3292
ALTO,2023-04-18,1.4,1.405,1.36,1.37,343697,1.3787,2493
ALTO,2023-04-19,1.37,1.37,1.26,1.3,535656,1.3055,2893
ALTO,2023-04-20,1.3,1.33,1.275,1.28,407697,1.2993,2167
ALTO,2023-04-23,1.28,1.32,1.26,1.31,388404,1.2877,2297
ALTO,2023-04-24,1.31,1.32,1.26,1.27,536854,1.2875,3125
ALTO,2023-04-25,1.27,1.2955,1.21,1.22,548254,1.2508,2117
ALTO,2023-04-26,1.23,1.28,1.21,1.26,786263,1.2445,3229
ALTO,2023-04-27,1.26,1.31,1.24,1.31,728279,1.2914,3144
ALTO,2023-04-30,1.31,1.31,1.26,1.28,401770,1.2833,2634
ALTO,2023-05-01,1.3,1.3001,1.2001,1.27,689584,1.2553,2917
ALTO,2023-05-02,1.27,1.39,1.27,1.36,1205141.0,1.3433,4727
ALTO,2023-05-03,1.41,1.41,1.31,1.37,650750,1.3614,3150
ALTO,2023-05-04,1.4,1.46,1.4,1.4,978047,1.4271,4197
ALTO,2023-05-07,1.41,1.45,1.36,1.36,1506224.0,1.4085,6238
ALTO,2023-05-08,1.56,1.67,1.53,1.57,4856632.0,1.5993,15445
ALTO,2023-05-09,1.88,1.95,1.81,1.92,4911463.0,1.8935,22646
ALTO,2023-05-10,1.948,2.21,1.81,2.16,3523697.0,2.0466,13798
ALTO,2023-05-11,2.16,2.17,1.92,2.04,2282648.0,2.0332,10776
ALTO,2023-05-14,2.01,2.13,1.9899,2.08,809953,2.0666,4847
ALTO,2023-05-15,2.07,2.07,1.89,1.9,1497201.0,1.9467,7423
ALTO,2023-05-16,1.93,2.08,1.9,2.055,1694178.0,2.0136,7406
ALTO,2023-05-17,2.06,2.22,2.025,2.2,1485159.0,2.1458,7520
ALTO,2023-05-18,2.22,2.24,2.13,2.2,1038914.0,2.1931,6021
ALTO,2023-05-21,2.24,2.305,2.12,2.27,1782600.0,2.2329,9405
ALTO,2023-05-22,2.27,2.27,2.1,2.1,768822,2.1715,6186
ALTO,2023-05-23,2.07,2.12,2.005,2.03,832103,2.0352,4372
ALTO,2023-05-24,2.03,2.04,1.96,2.03,645166,2.0041,4347
ALTO,2023-05-25,2.04,2.11,2.01,2.07,656155,2.0647,4296
ALTO,2023-05-29,2.08,2.1171,2.01,2.03,645888,2.0487,4292
ALTO,2023-05-30,2,2.06,1.96,2.01,758992,2.005,5276
ALTO,2023-05-31,2,2.075,1.965,2.02,1036827.0,2.027,6435
ALTO,2023-06-01,2.03,2.12,2,2.11,1017777.0,2.0736,5667
ALTO,2023-06-04,2.15,2.26,2.09,2.25,1161336.0,2.2142,7322
ALTO,2023-06-05,2.23,2.48,2.19,2.47,1540386.0,2.4076,11040
ALTO,2023-06-06,2.49,2.59,2.37,2.37,1932281.0,2.4688,9217
ALTO,2023-06-07,2.37,2.47,2.32,2.45,1278117.0,2.4015,7522
ALTO,2023-06-08,2.45,2.45,2.305,2.4,1129891.0,2.3719,7014
ALTO,2023-06-11,2.4,2.53,2.37,2.49,858065,2.4817,6875
ALTO,2023-06-12,2.52,2.6,2.505,2.56,812240,2.5644,6590
ALTO,2023-06-13,2.56,2.635,2.42,2.45,996867,2.5033,7799
ALTO,2023-06-14,2.5,2.62,2.445,2.52,1232144.0,2.5428,7640
ALTO,2023-06-15,2.58,2.58,2.4,2.47,1952035.0,2.4652,8486
ALTO,2023-06-19,2.55,2.73,2.5,2.6,2852682.0,2.5996,14097
ALTO,2023-06-20,2.58,2.605,2.47,2.5,1174537.0,2.5204,7528
ALTO,2023-06-21,2.47,2.52,2.38,2.52,1158010.0,2.4697,10415
ALTO,2023-06-22,2.45,2.63,2.4,2.41,14125676.0,2.427,13571
ALTO,2023-06-25,2.43,2.5817,2.375,2.38,1775554.0,2.4413,11735
ALTO,2023-06-26,2.38,2.43,2.37,2.37,1560746.0,2.384,6024
ALTO,2023-06-27,2.44,2.81,2.43,2.81,3846881.0,2.682,15645
ALTO,2023-06-28,2.81,2.94,2.755,2.88,3238903.0,2.8391,13123
ALTO,2023-06-29,2.9,2.925,2.79,2.89,1506003.0,2.8615,9011
ALTO,2023-07-02,2.92,3.15,2.9,3.1,1435191.0,3.0766,9174
ALTO,2023-07-04,3.14,3.2,3.04,3.15,1715154.0,3.1174,9549
ALTO,2023-07-05,3.09,3.14,2.91,3.03,1663258.0,3.0134,10018
ALTO,2023-07-06,3.04,3.3299,3.02,3.31,1751612.0,3.2189,9720
ALTO,2023-07-09,3.29,3.55,3.235,3.5,2052917.0,3.4429,11437
ALTO,2023-07-10,3.55,3.68,3.425,3.6,3467741.0,3.5865,15260
ALTO,2023-07-11,3.69,3.8192,3.62,3.73,1801660.0,3.73,11439
ALTO,2023-07-12,3.73,3.77,3.535,3.58,1518099.0,3.6372,8177
ALTO,2023-07-13,3.63,3.655,3.4309,3.46,1171549.0,3.4971,8128
ALTO,2023-07-16,3.57,3.88,3.51,3.8,1804105.0,3.7696,10455
ALTO,2023-07-17,3.81,4.06,3.8,3.85,1591464.0,3.9436,9877
ALTO,2023-07-18,3.84,3.895,3.71,3.74,909898,3.8011,6731
ALTO,2023-07-19,3.74,3.815,3.645,3.8,841047,3.7445,6314
ALTO,2023-07-20,3.84,3.85,3.65,3.7,648837,3.723,5433
ALTO,2023-07-23,3.7,3.8351,3.66,3.82,940315,3.778,6324
ALTO,2023-07-24,3.84,3.9,3.775,3.88,1174530.0,3.8466,8039
ALTO,2023-07-25,3.87,3.94,3.741,3.92,1024279.0,3.8692,6855
ALTO,2023-07-26,3.95,4.01,3.845,3.94,1170413.0,3.9151,8142
ALTO,2023-07-27,4,4.14,3.87,4.01,1244666.0,4.0065,7054
ALTO,2023-07-30,4.07,4.21,4,4.02,1015593.0,4.0849,7123
ALTO,2023-07-31,3.96,3.98,3.865,3.93,863893,3.9211,6127
ALTO,2023-08-01,3.86,3.88,3.72,3.74,906838,3.7769,5739
ALTO,2023-08-02,3.71,3.96,3.71,3.87,628713,3.8651,5377
ALTO,2023-08-03,3.85,3.95,3.79,3.9,850160,3.8808,7906
ALTO,2023-08-06,3.79,3.89,3.545,3.71,2108723.0,3.7025,13887
ALTO,2023-08-07,3.97,4.43,3.78,4.36,3751982.0,4.2211,22861
ALTO,2023-08-08,4.38,4.45,4.135,4.2,1766840.0,4.253,12924
ALTO,2023-08-09,4.33,4.455,4.21,4.34,1619916.0,4.3598,11593
ALTO,2023-08-10,4.3,4.35,4.22,4.26,718551,4.2668,5743
ALTO,2023-08-13,4.25,4.3,3.97,4.03,1063474.0,4.0673,7755
ALTO,2023-08-14,3.98,4.02,3.75,3.81,1160535.0,3.8436,7790
ALTO,2023-08-15,3.83,3.855,3.66,3.75,891381,3.7521,6811
ALTO,2023-08-16,3.75,3.8,3.695,3.73,550183,3.7541,5979
ALTO,2023-08-17,3.6,3.72,3.595,3.63,1147487.0,3.6478,7243
ALTO,2023-08-20,3.68,3.7101,3.5973,3.63,1014772.0,3.6568,6957
ALTO,2023-08-21,3.64,3.745,3.6,3.68,644399,3.6641,6005
ALTO,2023-08-22,3.68,3.815,3.6001,3.78,719108,3.7457,6225
ALTO,2023-08-23,3.77,3.77,3.54,3.54,726887,3.6083,6114
ALTO,2023-08-24,3.54,3.625,3.485,3.55,612518,3.5577,5739
ALTO,2023-08-27,3.58,3.65,3.39,3.42,954595,3.4717,6705
ALTO,2023-08-28,3.43,3.59,3.34,3.55,646709,3.4982,4956
ALTO,2023-08-29,3.57,3.64,3.48,3.61,595432,3.5764,5041
ALTO,2023-08-30,3.61,3.695,3.56,3.61,469382,3.6315,3690
ALTO,2023-08-31,3.65,3.795,3.62,3.68,649421,3.7014,5589
ALTO,2023-09-04,3.63,3.72,3.59,3.69,447825,3.6615,3711
ALTO,2023-09-05,3.68,3.74,3.6,3.71,721497,3.6691,5327
ALTO,2023-09-06,3.68,3.815,3.61,3.79,613240,3.7348,5066
ALTO,2023-09-07,3.8,3.8,3.7,3.73,500717,3.7365,4937
ALTO,2023-09-10,3.79,3.98,3.77,3.85,834756,3.8635,5767
ALTO,2023-09-11,3.87,4.11,3.84,4.04,835903,4.0109,5464
ALTO,2023-09-12,4.11,4.11,3.94,4.07,768493,4.0353,6635
ALTO,2023-09-13,4.08,4.295,4.08,4.23,925590,4.2181,6205
ALTO,2023-09-14,4.24,4.46,4.18,4.39,1763695.0,4.3417,7529
ALTO,2023-09-17,4.38,4.4,4.22,4.22,587340,4.2723,5963
ALTO,2023-09-18,4.21,4.38,4.16,4.34,748242,4.2837,5981
ALTO,2023-09-19,4.34,4.54,4.32,4.355,1402514.0,4.4465,8387
ALTO,2023-09-20,4.29,4.5056,4.16,4.42,1104012.0,4.3576,7197
ALTO,2023-09-21,4.43,4.515,4.31,4.37,845038,4.399,6583
ALTO,2023-09-24,4.36,4.5199,4.31,4.48,1104241.0,4.4529,7473
ALTO,2023-09-25,4.46,4.4699,4.3,4.32,864445,4.3458,6600
ALTO,2023-09-26,4.34,4.37,4.135,4.32,1445139.0,4.2701,9775
ALTO,2023-09-27,4.29,4.455,4.2,4.42,944149,4.3832,7776
ALTO,2023-09-28,4.49,4.578,4.39,4.42,1501091.0,4.4444,6641
ALTO,2023-10-01,4.45,4.48,4.14,4.2,1492407.0,4.2615,9170
ALTO,2023-10-02,4.2,4.21,4.01,4.05,743952,4.0768,6162
ALTO,2023-10-03,4.03,4.1597,3.93,4.11,780606,4.0518,6755
ALTO,2023-10-04,4.1,4.12,3.905,3.95,564199,3.9927,5749
ALTO,2023-10-05,3.9,4.03,3.83,3.98,476749,3.9651,4831
ALTO,2023-10-08,4.02,4.15,3.86,4.14,716390,4.0398,5755
ALTO,2023-10-09,4.16,4.285,4.16,4.25,900910,4.2443,5495
ALTO,2023-10-10,4.27,4.33,4.205,4.23,580858,4.2745,5536
ALTO,2023-10-11,4.22,4.22,4.05,4.14,682444,4.1197,6157
ALTO,2023-10-12,4.13,4.25,4.08,4.12,484169,4.1492,5687
ALTO,2023-10-15,4.09,4.19,4.075,4.11,488768,4.1354,5169
ALTO,2023-10-16,4.06,4.4,4.02,4.33,954022,4.3045,7292
ALTO,2023-10-17,4.3,4.32,4.105,4.12,933104,4.1771,7877
ALTO,2023-10-18,4.12,4.17,4,4.02,690401,4.0506,5939
ALTO,2023-10-19,4,4,3.76,3.82,1568807.0,3.8268,12014
ALTO,2023-10-22,3.79,3.865,3.7112,3.79,854585,3.8,7332
ALTO,2023-10-23,3.83,3.945,3.83,3.88,597817,3.8898,5275
ALTO,2023-10-24,3.84,3.845,3.75,3.76,479523,3.7901,5063
ALTO,2023-10-25,3.77,3.985,3.77,3.97,727012,3.9172,6355
ALTO,2023-10-26,3.99,3.99,3.825,3.86,481407,3.8774,5344
ALTO,2023-10-29,3.94,4.115,3.94,4.11,839552,4.0575,7236
ALTO,2023-10-30,4.12,4.23,4.0962,4.16,698447,4.1672,5664
ALTO,2023-10-31,4.14,4.28,4.1099,4.26,1011944.0,4.2222,8623
ALTO,2023-11-01,4.29,4.45,4.255,4.45,1260124.0,4.3678,9862
ALTO,2023-11-02,4.49,4.69,4.35,4.62,1513997.0,4.6005,9812
ALTO,2023-11-05,4.75,4.975,4.65,4.915,2982835.0,4.4136,16298
ALTO,2023-11-06,2.19,2.4,1.88,1.93,16784895.0,2.0852,61096
ALTO,2023-11-07,1.91,2.09,1.82,2.08,4399059.0,1.9748,22044
ALTO,2023-11-08,2.07,2.13,2,2.09,2703813.0,2.0655,12655
ALTO,2023-11-09,2.09,2.14,2,2.09,2004779.0,2.0742,10110
ALTO,2023-11-12,2.05,2.24,2.05,2.2,1823828.0,2.1907,9964
ALTO,2023-11-13,2.28,2.415,2.23,2.39,2650088.0,2.3307,11950
ALTO,2023-11-14,2.4,2.5,2.39,2.4,2209530.0,2.428,10107
ALTO,2023-11-15,2.38,2.4,2.245,2.26,1679355.0,2.305,8713
ALTO,2023-11-16,2.3,2.39,2.25,2.35,1233060.0,2.3231,7016
ALTO,2023-11-19,2.39,2.42,2.33,2.35,1421527.0,2.3732,8465
ALTO,2023-11-20,2.33,2.37,2.29,2.31,773325,2.3183,5267
ALTO,2023-11-21,2.3,2.38,2.25,2.37,1147617.0,2.3133,5970
ALTO,2023-11-23,2.34,2.43,2.339,2.4,412213,2.3937,2850
ALTO,2023-11-26,2.39,2.455,2.36,2.44,890868,2.4256,5342
ALTO,2023-11-27,2.41,2.43,2.36,2.4,681761,2.3949,5931
ALTO,2023-11-28,2.45,2.5175,2.39,2.39,921933,2.4309,5935
ALTO,2023-11-29,2.4,2.47,2.39,2.44,767199,2.4449,5032
ALTO,2023-11-30,2.42,2.57,2.42,2.52,907602,2.5245,5648
ALTO,2023-12-03,2.48,2.61,2.48,2.59,985188,2.5674,5705
ALTO,2023-12-04,2.58,2.64,2.51,2.6,1087614.0,2.5897,7433
ALTO,2023-12-05,2.57,2.68,2.51,2.52,840016,2.5996,5357
ALTO,2023-12-06,2.52,2.57,2.48,2.57,504687,2.5287,4947
ALTO,2023-12-07,2.57,2.655,2.565,2.63,612578,2.6178,4218
ALTO,2023-12-10,2.61,2.7,2.57,2.66,790135,2.6418,6057
ALTO,2023-12-11,2.65,2.67,2.6,2.65,633423,2.6413,5720
ALTO,2023-12-12,2.64,2.74,2.605,2.72,1157235.0,2.6767,8274
ALTO,2023-12-13,2.76,2.95,2.76,2.88,1756636.0,2.8614,11529
ALTO,2023-12-14,2.9,2.93,2.775,2.82,2120457.0,2.822,8370
ALTO,2023-12-17,2.83,2.85,2.74,2.75,582022,2.7754,5193
ALTO,2023-12-18,2.8,2.94,2.78,2.94,809864,2.8947,6628
ALTO,2023-12-19,2.92,2.9988,2.8211,2.85,1145091.0,2.9078,6543
ALTO,2023-12-20,2.86,2.95,2.835,2.84,835155,2.8819,6003
ALTO,2023-12-21,2.86,2.88,2.8,2.82,818744,2.8378,5352
ALTO,2023-12-25,2.83,2.87,2.81,2.83,732261,2.8344,4976
ALTO,2023-12-26,2.82,2.88,2.775,2.79,1139977.0,2.8244,5921
ALTO,2023-12-27,2.78,2.8183,2.69,2.745,1415295.0,2.7375,8580
ALTO,2023-12-28,2.75,2.79,2.655,2.66,943832,2.6854,5198
ALTO,2024-01-01,2.66,2.8,2.63,2.68,715055,2.7283,7133
ALTO,2024-01-02,2.65,2.7,2.62,2.65,571053,2.6639,4213
ALTO,2024-01-03,2.65,2.8,2.63,2.74,1067694.0,2.7497,6810
ALTO,2024-01-04,2.71,2.74,2.65,2.7,651199,2.6884,4208
ALTO,2024-01-07,2.68,2.72,2.61,2.7,588719,2.6885,3270
ALTO,2024-01-08,2.67,2.67,2.3,2.33,2146962.0,2.4157,8119
ALTO,2024-01-09,2.35,2.43,2.305,2.31,920421,2.3607,5241
ALTO,2024-01-10,2.31,2.325,2.2,2.28,1514998.0,2.2622,8222
ALTO,2024-01-11,2.28,2.33,2.155,2.18,1190438.0,2.2111,8688
ALTO,2024-01-15,2.15,2.16,2.11,2.14,740227,2.1306,5788
ALTO,2024-01-16,2.11,2.14,2.05,2.1,570432,2.0993,3919
ALTO,2024-01-17,2.09,2.11,1.995,2.04,959335,2.0302,6454
ALTO,2024-01-18,2.02,2.08,1.995,2.07,1095785.0,2.038,5746
ALTO,2024-01-21,2.14,2.17,2.04,2.08,830140,2.0848,4694
ALTO,2024-01-22,2.11,2.13,2.03,2.03,264472,2.0606,2071
ALTO,2024-01-23,2.01,2.03,1.9,1.91,766015,1.9544,4743
ALTO,2024-01-24,1.92,1.95,1.85,1.91,965342,1.8902,4625
ALTO,2024-01-25,1.94,1.97,1.89,1.91,689395,1.925,3359
ALTO,2024-01-28,1.9,2,1.87,2,622990,1.961,3574
ALTO,2024-01-29,1.98,1.98,1.905,1.93,560740,1.9376,3276
ALTO,2024-01-30,1.95,1.95,1.84,1.84,405268,1.8885,2975
ALTO,2024-01-31,1.88,1.9,1.835,1.89,550464,1.8664,5197
ALTO,2024-02-01,1.89,1.92,1.8,1.8,451066,1.8288,3418
ALTO,2024-02-04,1.79,1.86,1.72,1.8,852221,1.7916,4793
ALTO,2024-02-05,1.8,1.87,1.79,1.87,405562,1.8509,4330
ALTO,2024-02-06,1.92,1.92,1.84,1.85,660393,1.8683,4877
ALTO,2024-02-07,1.86,1.87,1.805,1.85,398898,1.8337,3984
ALTO,2024-02-08,1.85,1.98,1.84,1.97,582911,1.9198,3379
ALTO,2024-02-11,1.99,2.05,1.985,2.02,449724,2.0297,2934
ALTO,2024-02-12,1.99,1.995,1.9031,1.94,597290,1.9487,4131
ALTO,2024-02-13,1.96,2.05,1.96,2.04,452678,2.0194,3628
ALTO,2024-02-14,2.03,2.22,2.03,2.2,1054652.0,2.1623,5081
ALTO,2024-02-15,2.19,2.27,2.1625,2.2,938041,2.2191,6139
ALTO,2024-02-19,2.16,2.28,2.14,2.17,678969,2.1932,4311
ALTO,2024-02-20,2.13,2.225,2.105,2.22,469333,2.18,3121
ALTO,2024-02-21,2.23,2.25,2.17,2.21,586481,2.2129,3554
ALTO,2024-02-22,2.21,2.22,2.12,2.19,644887,2.1755,3967
ALTO,2024-02-25,2.18,2.2,2.15,2.19,334134,2.1797,3165
ALTO,2024-02-26,2.22,2.295,2.195,2.26,613748,2.2607,3684
ALTO,2024-02-27,2.25,2.255,2.15,2.16,316388,2.2031,2808
AMT,2023-02-28,196.52,198.81,192.86,194.89,3261010.0,194.7986,47644
AMT,2023-03-01,193.32,198.18,193.32,197.53,1884904.0,196.1099,35442
AMT,2023-03-02,199.26,202.58,199.085,202.5,2044803.0,201.9601,39343
AMT,2023-03-05,203.88,204.16,198.14,198.57,1788930.0,199.8465,31811
AMT,2023-03-06,198.12,198.26,192.04,192.37,1907035.0,193.3441,39203
AMT,2023-03-07,192.13,197.2309,191.37,195.77,1603067.0,195.3801,31494
AMT,2023-03-08,195.59,197.77,190.75,191.2,1463930.0,193.5854,28584
AMT,2023-03-09,191.16,194.54,190.38,191.27,2357959.0,191.9271,38202
AMT,2023-03-12,190.9,200.99,189.55,196.33,2325323.0,196.9309,44541
AMT,2023-03-13,199.07,200.01,195.32,199.83,2461552.0,198.6192,43502
AMT,2023-03-14,197.9,203.21,197.74,202.32,3117498.0,201.4316,54007
AMT,2023-03-15,201.99,206.15,201.41,205.05,2622423.0,204.2401,55132
AMT,2023-03-16,205.41,207.65,200.87,201.35,3456929.0,202.7561,39232
AMT,2023-03-19,200.94,203.68,199.79,201.95,2000732.0,201.9911,36150
AMT,2023-03-20,201.54,202.34,194.63,198.19,2578260.0,197.6468,41788
AMT,2023-03-21,196.05,197.685,191.92,192.12,1943534.0,194.221,34837
AMT,2023-03-22,192.3,195.3,190.37,191.62,2053220.0,192.6351,34369
AMT,2023-03-23,190.89,199.68,189.37,199.62,1897744.0,196.0898,35908
AMT,2023-03-26,200.19,201.34,192.76,193.15,2389878.0,194.4454,41710
AMT,2023-03-27,191.99,194.25,190.96,192.87,1480223.0,192.7942,27739
AMT,2023-03-28,195.36,198.57,195.08,198.49,1784192.0,197.5751,27512
AMT,2023-03-29,201.66,202.74,200.02,201.18,1477845.0,201.1956,28947
AMT,2023-03-30,201.14,204.49,201.01,204.34,2558038.0,203.2776,37572
AMT,2023-04-02,203.19,204.95,199.12,201.1,2876208.0,201.0181,42433
AMT,2023-04-03,201.26,204.11,200.81,203.45,3431571.0,203.3093,34759
AMT,2023-04-04,203.51,207.76,203.44,204.69,2060205.0,205.7767,33601
AMT,2023-04-05,205.37,207.01,203.53,206.69,1273382.0,205.9113,23268
AMT,2023-04-09,205.13,208.73,203.77,208.35,1728792.0,206.9476,30287
AMT,2023-04-10,208.32,212.51,207.3,210.38,2115059.0,209.9811,35792
AMT,2023-04-11,212,213.48,210.43,211.26,2306315.0,211.7287,37042
AMT,2023-04-12,210.12,211.95,208.81,210.81,1686105.0,210.7094,29489
AMT,2023-04-13,210.49,210.77,205.305,206.89,1174764.0,207.2456,25557
AMT,2023-04-16,207.77,211.94,207.08,208.83,1857915.0,208.9765,32971
AMT,2023-04-17,208.45,208.86,206.17,208.18,2116106.0,207.7729,30545
AMT,2023-04-18,207.13,210.64,206.78,208.12,1186696.0,208.7674,25286
AMT,2023-04-19,207.81,207.81,204.71,205.59,1472334.0,206.0695,23618
AMT,2023-04-20,206.59,206.59,202.83,204.14,2177379.0,204.0591,32150
AMT,2023-04-23,204.29,205.01,201.75,203.94,1356696.0,203.3119,27347
AMT,2023-04-24,203.38,205.12,201.59,201.74,1339909.0,202.9772,27538
AMT,2023-04-25,202.55,206.47,200.08,200.34,1789358.0,202.0751,28647
AMT,2023-04-26,200.34,205.96,200.34,205.64,1744746.0,204.7447,29632
AMT,2023-04-27,205.66,206.61,203.32,204.39,2082284.0,204.7287,35462
AMT,2023-04-30,203.29,203.9915,199.36,199.5,2135963.0,200.8626,38737
AMT,2023-05-01,199.67,201.74,195.68,196.13,2133831.0,197.515,42452
AMT,2023-05-02,196.45,197.45,191.6,191.97,1491315.0,194.2091,35694
AMT,2023-05-03,191.27,196.42,191.27,194.4,1984321.0,194.8413,38666
AMT,2023-05-04,194.94,197.6425,193.635,196.75,1210905.0,196.0555,27592
AMT,2023-05-07,195.51,196.44,192.5525,193.21,1311512.0,193.7131,29288
AMT,2023-05-08,192.31,194.94,190.85,193.52,1511522.0,193.2808,29961
AMT,2023-05-09,195.49,198.16,194.82,196.36,1628776.0,196.3847,30376
AMT,2023-05-10,195.65,195.98,192.79,195.69,1714523.0,194.859,33797
AMT,2023-05-11,195.89,200.41,195.64,200.29,2130700.0,198.4484,38445
AMT,2023-05-14,200.77,202.4,194.3,195.46,2134852.0,196.9669,38929
AMT,2023-05-15,195.23,196.1453,190.97,191.04,1395580.0,192.2956,29599
AMT,2023-05-16,192,194.865,190.79,194.76,1181172.0,193.6512,23746
AMT,2023-05-17,193.74,194.26,187.57,191.03,2387553.0,190.0849,43861
AMT,2023-05-18,191.42,192.88,189.58,190.73,1250608.0,190.9392,23108
AMT,2023-05-21,191,195.03,190.28,193.47,1753997.0,193.2692,31447
AMT,2023-05-22,192.52,193.91,187.65,188.15,1755539.0,189.2048,31628
AMT,2023-05-23,187.75,188.13,183.17,183.39,2011483.0,184.6253,43527
AMT,2023-05-24,184.58,184.65,181.65,182.56,2597937.0,183.1567,42654
AMT,2023-05-25,182,183,180.16,182.18,2692181.0,181.9082,43235
AMT,2023-05-29,184.27,188.35,181.31,182,2483454.0,183.2263,42379
AMT,2023-05-30,182.26,185.64,178.53,184.44,7074825.0,183.8923,46577
AMT,2023-05-31,184.19,188.815,184.15,187.01,2618295.0,187.1821,42246
AMT,2023-06-01,190.28,192.0726,189.065,191.15,2188214.0,190.9183,36413
AMT,2023-06-04,191.92,193.71,188.37,188.64,1481234.0,189.7296,30181
AMT,2023-06-05,189.79,189.79,186.27,189.11,1390364.0,188.4297,29235
AMT,2023-06-06,190,193.69,189.03,190.93,1823216.0,190.8217,32824
AMT,2023-06-07,190.21,191.12,187.6606,190.02,1184640.0,189.8807,26361
AMT,2023-06-08,189.98,189.98,184.82,187.3,1825379.0,187.39,34752
AMT,2023-06-11,187.5,188.71,185.89,188.56,1533473.0,187.4687,29066
AMT,2023-06-12,188.23,191.25,186.94,191.02,1946308.0,189.9728,34985
AMT,2023-06-13,192.25,193.77,190.285,193.02,2510060.0,192.4014,41740
AMT,2023-06-14,191.55,194.945,189.29,194.27,2432474.0,193.3618,36279
AMT,2023-06-15,192.29,194.44,191.55,192.89,3283334.0,192.767,35017
AMT,2023-06-19,191.59,193.21,189.95,190.05,2139416.0,190.8594,32324
AMT,2023-06-20,188.87,190.07,185.99,189.34,2127628.0,188.9998,28479
AMT,2023-06-21,189.62,189.62,186.3,186.43,2431584.0,187.1462,38151
AMT,2023-06-22,186.01,189.24,185.24,186.03,4173278.0,186.356,45528
AMT,2023-06-25,185.65,188.83,184.82,188.13,2308833.0,187.7808,31701
AMT,2023-06-26,188.97,189.42,187.18,187.72,1776340.0,188.1276,29351
AMT,2023-06-27,187.74,191.75,185.93,191.61,2600277.0,190.1706,44997
AMT,2023-06-28,189.81,193.02,188.6801,192.73,2674172.0,191.9928,38427
AMT,2023-06-29,194.27,195.3,191.19,193.94,3243175.0,193.1981,39253
AMT,2023-07-02,193.4,196.32,192.66,195.04,970958,195.0988,18472
AMT,2023-07-04,195,199.32,194.82,198.36,2179047.0,197.9314,37174
AMT,2023-07-05,196,197.44,193.77,196.01,1605642.0,196.1781,29709
AMT,2023-07-06,194.89,197.11,191.885,195.55,1830201.0,195.1008,31745
AMT,2023-07-09,194.35,195.63,192.95,193.55,1615726.0,193.8016,25989
AMT,2023-07-10,193.64,195.02,192.665,194.6,1483300.0,194.0758,27415
AMT,2023-07-11,197.26,198.33,194.59,195.43,1649199.0,195.8041,28811
AMT,2023-07-12,195.08,196.945,192.8,196.84,1750014.0,195.3569,29408
AMT,2023-07-13,196.1,196.6637,193.61,193.97,1712215.0,194.8146,28681
AMT,2023-07-16,192.93,193.205,184.9,186.26,4360153.0,186.714,69673
AMT,2023-07-17,186,188.9413,182.16,185.79,3090639.0,185.0119,49887
AMT,2023-07-18,189.33,193.61,188.62,189.11,3380765.0,189.8468,49397
AMT,2023-07-19,182.82,184.86,179.21,184.65,4163961.0,182.8405,68607
AMT,2023-07-20,184.92,186.04,181.605,184.89,4474303.0,184.6313,56370
AMT,2023-07-23,185.92,191.3199,184.03,190.83,3420678.0,189.1522,47082
AMT,2023-07-24,191,191.485,186.66,186.79,2353660.0,188.0817,37586
AMT,2023-07-25,187.04,190.24,186.85,189.98,3158566.0,189.4877,42388
AMT,2023-07-26,194.42,200.81,193.19,193.23,2969643.0,194.9655,46088
AMT,2023-07-27,194.93,196.18,188.94,188.97,1714587.0,191.0409,31339
AMT,2023-07-30,189.34,191.685,189,190.31,1812772.0,190.3901,29847
AMT,2023-07-31,190.75,192.345,189.66,191.24,2243800.0,191.3285,32181
AMT,2023-08-01,190.17,191.94,188.13,190.62,2236423.0,190.4279,32335
AMT,2023-08-02,189.34,190.3,183.68,185.75,2493049.0,185.6221,41430
AMT,2023-08-03,184.17,187.795,183.35,184.77,1687502.0,185.7037,29126
AMT,2023-08-06,185,186.01,182.24,183.52,1559571.0,183.5467,29002
AMT,2023-08-07,182.2,184.89,179.85,184.61,2047317.0,182.9961,34850
AMT,2023-08-08,183.93,187.195,183.47,187.1,1475752.0,186.275,25484
AMT,2023-08-09,187.17,189.325,186.5,186.94,1618379.0,187.7465,28507
AMT,2023-08-10,185.83,187.9,185.82,187.11,1073113.0,187.0367,21318
AMT,2023-08-13,185.87,187.39,184.94,187.15,1341963.0,186.523,25359
AMT,2023-08-14,185.34,187.15,184.19,185.65,1487825.0,185.8671,26091
AMT,2023-08-15,185.75,186.17,177.4001,177.99,2200417.0,180.1699,41876
AMT,2023-08-16,177.65,179.655,175.92,176.31,2370199.0,177.563,41789
AMT,2023-08-17,174.69,177.88,174.3,176.45,1511325.0,176.4346,29007
AMT,2023-08-20,175.22,175.88,172.55,175.02,1998504.0,174.6484,38735
AMT,2023-08-21,175.16,176.38,173.2101,175.73,1658405.0,175.586,31188
AMT,2023-08-22,177.46,178.49,176.725,177.84,1655773.0,177.7656,26304
AMT,2023-08-23,178.4,179.525,176.28,177.15,1055717.0,177.6099,21522
AMT,2023-08-24,177.09,178.55,175.67,177.53,1174703.0,177.4324,21881
AMT,2023-08-27,178.15,179.05,176.795,178.17,1381865.0,177.914,25464
AMT,2023-08-28,178.68,181.65,177.78,181.5,1573109.0,180.5571,25161
AMT,2023-08-29,182.5,184.1875,181.81,182.28,1858341.0,182.6878,31693
AMT,2023-08-30,183.08,183.52,180.73,181.32,1567089.0,181.5004,21396
AMT,2023-08-31,182.49,182.49,179.29,180.79,1654106.0,180.632,26519
AMT,2023-09-04,180.56,182.44,179.5,180.42,1715242.0,180.9151,29201
AMT,2023-09-05,180.19,180.19,176.14,178.01,2313336.0,177.6519,36965
AMT,2023-09-06,177.62,183.53,177.34,182.55,2404518.0,181.8642,39054
AMT,2023-09-07,182.89,183.3,178.8614,180.89,1645781.0,180.8166,26281
AMT,2023-09-10,180.76,181.04,177.55,180.28,1393106.0,179.9206,27291
AMT,2023-09-11,179.35,179.615,175.4,179.19,1341477.0,178.3732,28517
AMT,2023-09-12,178.48,178.93,176.37,176.95,1639014.0,177.1783,31109
AMT,2023-09-13,178.63,182.22,178.63,181.08,1444605.0,180.8568,28008
AMT,2023-09-14,180.97,182.43,179.235,180.14,3514612.0,180.5636,36484
AMT,2023-09-17,179.91,181.64,178.7,179.53,1499122.0,179.8672,28034
AMT,2023-09-18,178.47,179.99,177.07,177.36,1612620.0,178.0313,29675
AMT,2023-09-19,178.99,179.71,177.04,177.41,1885806.0,178.0457,28729
AMT,2023-09-20,176.76,176.7612,169.15,169.32,2499682.0,171.8211,48073
AMT,2023-09-21,169.04,169.77,165.91,166.21,3732843.0,167.295,52742
AMT,2023-09-24,165.05,165.91,163.08,165.72,2681106.0,164.9222,43337
AMT,2023-09-25,163.34,164.89,162.65,162.91,2702810.0,163.4809,44288
AMT,2023-09-26,162.91,163.45,158.17,159.69,3178788.0,160.198,53165
AMT,2023-09-27,160.4,163.3,158.85,162.32,2693952.0,161.633,42743
AMT,2023-09-28,165.61,165.99,163.71,164.45,2529281.0,164.6415,39117
AMT,2023-10-01,163.63,164,160.61,161.71,2061141.0,162.0474,36000
AMT,2023-10-02,161,161.97,157.72,158.1,1783473.0,158.5718,34365
AMT,2023-10-03,158.47,159.4469,155.6342,157.68,2217239.0,157.5451,35148
AMT,2023-10-04,156.97,159.29,155.61,158.71,1485980.0,158.1666,27879
AMT,2023-10-05,156.8,160.46,154.58,159.57,1878736.0,158.5536,34368
AMT,2023-10-08,158.76,162.72,158.755,162.02,1952110.0,161.279,33208
AMT,2023-10-09,159.89,160.75,158.29,158.56,2794018.0,159.403,47388
AMT,2023-10-10,159.69,165.8,158.83,165.62,2782469.0,163.4022,44775
AMT,2023-10-11,165.87,166.52,162.57,164.24,1765097.0,164.3165,34174
AMT,2023-10-12,166.17,168.55,165.47,166.96,1969368.0,167.0745,36880
AMT,2023-10-15,166.39,170.32,164.52,169.18,2062229.0,168.8643,35711
AMT,2023-10-16,167.32,169.92,165.77,166.91,1732545.0,167.1675,30895
AMT,2023-10-17,167.01,167.545,162.7,162.78,1728695.0,164.4171,34292
AMT,2023-10-18,158.47,162.54,158.0056,159.43,2672217.0,160.2549,41140
AMT,2023-10-19,160.77,162.215,159.72,160.09,2560764.0,160.6936,39246
AMT,2023-10-22,158.51,161.25,157.25,159.29,2187737.0,159.7771,38088
AMT,2023-10-23,159.91,163.7,159.91,163.23,2404561.0,162.5189,45351
AMT,2023-10-24,162.22,163.3,160.49,161.93,2448369.0,161.8609,46133
AMT,2023-10-25,163,177.22,162.5503,175.06,5007966.0,173.3778,76222
AMT,2023-10-26,175.5,176.03,170.2,171.99,2829577.0,172.0366,51653
AMT,2023-10-29,171.92,173.9699,169.7,172.64,2568592.0,171.7956,42429
AMT,2023-10-30,174.07,178.655,174,178.19,2930740.0,177.2571,46541
AMT,2023-10-31,178.48,179.27,177,178.38,1781318.0,178.26,32722
AMT,2023-11-01,181.32,186.54,180.62,184.15,2908013.0,184.3201,43440
AMT,2023-11-02,186.07,193.2,185.86,190.57,3417103.0,191.1599,58001
AMT,2023-11-05,189.94,190.76,185.27,186.7,1943821.0,186.7444,41915
AMT,2023-11-06,187.52,187.63,185.17,185.45,1544400.0,186.1845,33171
AMT,2023-11-07,185.69,185.69,183.18,184.42,1447454.0,184.2252,30376
AMT,2023-11-08,184.6,185.27,180.905,181.84,1949344.0,182.5187,36085
AMT,2023-11-09,183.54,184.5441,179.315,183.79,1738751.0,182.969,32623
AMT,2023-11-12,182.24,185.28,181.03,183.62,1425176.0,183.9289,28278
AMT,2023-11-13,192.96,195.98,190.89,194.2,2910453.0,193.594,52306
AMT,2023-11-14,193.11,198.75,192.72,195.88,3803043.0,196.5586,52306
AMT,2023-11-15,196.8,199.85,195.15,199.11,3260589.0,198.3287,47725
AMT,2023-11-16,200.12,200.51,197.045,197.74,2593655.0,198.4203,37981
AMT,2023-11-19,197.45,199.8,195.34,199.64,1945537.0,198.8022,34169
AMT,2023-11-20,199.56,199.5666,196.82,197.54,1989324.0,197.7954,37786
AMT,2023-11-21,200.18,200.58,197.83,198.79,1393260.0,198.7889,29198
AMT,2023-11-23,197.99,199.33,196.4,199.32,614123,198.6808,13721
AMT,2023-11-26,200.48,202.84,199.02,201.21,2525270.0,201.6438,45410
AMT,2023-11-27,200.78,203.52,200.525,203.22,2105310.0,202.7612,37361
AMT,2023-11-28,205,208.82,203.99,206.18,2933423.0,206.9088,54090
AMT,2023-11-29,205.54,208.96,204.28,208.78,2943345.0,207.907,47000
AMT,2023-11-30,208.4,210.835,206.13,210.47,2093350.0,209.6173,38153
AMT,2023-12-03,209.21,209.835,207.69,208.73,2668581.0,208.7814,44384
AMT,2023-12-04,208.92,211.06,207.41,210.41,1738062.0,209.8749,34403
AMT,2023-12-05,211.79,213.31,210.615,210.76,2037797.0,211.6027,37266
AMT,2023-12-06,211.6,212.05,210.25,210.72,1964478.0,211.0176,30948
AMT,2023-12-07,209.8,210.29,204.05,206.45,2364324.0,206.3027,40694
AMT,2023-12-10,205.9,207.99,204.11,205.6,2468644.0,206.1915,38792
AMT,2023-12-11,205.85,205.98,203.58,205.05,1712877.0,204.8778,36965
AMT,2023-12-12,204.98,212.43,203.66,211.04,2244544.0,208.9384,38001
AMT,2023-12-13,215.46,218.48,211.24,212.17,2975050.0,214.1258,52674
AMT,2023-12-14,210.13,212.79,208.33,212.15,3722435.0,211.3227,44800
AMT,2023-12-17,212.04,214.04,209.91,210.69,1805046.0,210.9992,29961
AMT,2023-12-18,211.45,213.23,210.65,211,1776883.0,211.4093,33359
AMT,2023-12-19,211.51,214.51,209.27,211.11,2991192.0,211.8832,41397
AMT,2023-12-20,212.99,214.34,211.54,214.28,1685487.0,213.2498,25189
AMT,2023-12-21,214.96,217.11,213.66,215.19,1106416.0,215.128,23450
AMT,2023-12-25,215.28,216.99,214.44,216.24,1053089.0,216.0174,23107
AMT,2023-12-26,214.01,217.11,214.01,216.72,1860666.0,216.3577,28653
AMT,2023-12-27,216.71,218.32,215.58,217.16,1125411.0,216.8578,27374
AMT,2023-12-28,215.98,216.8,215,215.88,1584433.0,215.987,28349
AMT,2024-01-01,214.41,219.1,214.41,218.81,1566330.0,217.8722,32280
AMT,2024-01-02,217.49,218.99,214.61,214.69,1533506.0,216.077,34054
AMT,2024-01-03,213.64,217.67,212.6766,215.46,2032973.0,215.5764,35840
AMT,2024-01-04,213.7,216.25,213.04,214.28,1884018.0,214.5284,33661
AMT,2024-01-07,213.42,216.215,212.52,216.08,1703214.0,215.1371,32513
AMT,2024-01-08,214.35,214.422,210.27,211.86,1578869.0,212.3328,31134
AMT,2024-01-09,211.61,212.085,208.37,208.97,2088949.0,209.9916,38081
AMT,2024-01-10,208.29,208.74,206.09,207.65,2271646.0,207.2069,44595
AMT,2024-01-11,209.67,211.82,208.46,209.43,1763449.0,209.9283,35065
AMT,2024-01-15,208.97,210.8384,207.55,208.05,2400038.0,208.7516,41737
AMT,2024-01-16,205.4,210.39,202.72,204.95,2629464.0,205.0746,50254
AMT,2024-01-17,205.25,206.79,202.54,203.91,2881022.0,203.59,47530
AMT,2024-01-18,204.66,205.14,202.78,203.87,1986366.0,204.0058,35019
AMT,2024-01-21,204.1,206.69,201.95,204.02,2185510.0,204.1618,38847
AMT,2024-01-22,204.76,205.29,201.38,202.26,2108946.0,202.2806,33027
AMT,2024-01-23,203.1,203.4,195.96,196.76,3308619.0,197.7312,56709
AMT,2024-01-24,199.39,201.635,198,200.21,2510687.0,199.8816,48064
AMT,2024-01-25,199.2,199.83,197.08,197.29,1831069.0,197.6623,30887
AMT,2024-01-28,197.08,199.3,195.76,199.11,2466044.0,198.0146,38462
AMT,2024-01-29,198.5,199,195.36,195.56,2428092.0,196.7708,38863
AMT,2024-01-30,196.9,200.87,194.75,195.65,2454201.0,196.8402,40020
AMT,2024-01-31,195.335,198.43,193.37,198.39,2700870.0,197.0969,45204
AMT,2024-02-01,195,195.55,189.33,193.51,2913979.0,192.8438,50025
AMT,2024-02-04,191.05,191.69,187.82,189.47,2489076.0,189.2769,43520
AMT,2024-02-05,189.47,192.57,189.15,191.67,1777672.0,191.6185,27449
AMT,2024-02-06,192.29,193.86,190.55,193.62,2254848.0,192.9609,37283
AMT,2024-02-07,192.63,194.25,191.63,193.64,2001165.0,193.2708,31557
AMT,2024-02-08,193.4,194.51,191.64,194.44,1903969.0,193.6776,26457
AMT,2024-02-11,194.99,195.41,191.44,191.77,1589691.0,192.5373,29197
AMT,2024-02-12,188.17,188.7,184.05,188.42,3512561.0,187.2355,49875
AMT,2024-02-13,188.85,190.0275,186.84,188.49,1818138.0,188.5894,30553
AMT,2024-02-14,189.97,190.725,187.74,189.46,2412001.0,189.091,43549
AMT,2024-02-15,186.78,187.61,185.015,187.13,2127509.0,186.9283,33304
AMT,2024-02-19,187.09,188.71,185.77,188.4,2241019.0,187.8197,36112
AMT,2024-02-20,189.22,189.66,186.63,188.22,1863180.0,187.8237,33388
AMT,2024-02-21,189.01,189.01,185.605,188.01,2149718.0,187.4278,37283
AMT,2024-02-22,188.12,191.27,187.45,189.93,1458552.0,190.0914,28372
AMT,2024-02-25,189.2,191.375,186.72,187.72,3310691.0,188.0938,49357
AMT,2024-02-26,189.19,190.61,181.16,186.68,4671371.0,184.4951,67114
AMT,2024-02-27,186.5,195.83,186.5,193.76,4059122.0,191.7889,62956
