ticker,date,open,high,low,close,volume,volumeWeight,number_of_transactions
AAPL,2024-03-31,171.19,171.25,169.475,170.03,46240500.0,170.0696,676830
AAPL,2024-04-01,169.08,169.34,168.2302,168.84,49297581.0,168.8967,608914
AAPL,2024-04-02,168.79,170.68,168.58,169.65,47691715.0,169.8623,571286
AAPL,2024-04-03,170.29,171.92,168.82,168.82,53682486.0,170.1029,630783
AAPL,2024-04-04,169.59,170.39,168.95,169.58,42104826.0,169.6415,540854
ABBV,2024-03-31,181.88,181.9,179.24,180.76,3502141.0,180.3188,54741
ABBV,2024-04-01,179.39,181.03,178.51,180.69,4523931.0,180.3317,62713
ABBV,2024-04-02,180.72,181.6,176.6,177.33,5892990.0,177.8618,76804
ABBV,2024-04-03,177.65,177.7,167.45,167.9,10511991.0,170.689,143285
ABBV,2024-04-04,168.0,171.04,167.29,170.0,7030108.0,169.7264,80986
ABNB,2024-03-31,166.43,166.72,162.75,163.37,2496282.0,163.5837,43428
ABNB,2024-04-01,160.95,160.98,158.68,160.11,4000867.0,159.9214,56061
ABNB,2024-04-02,158.75,161.33,158.58,159.34,2288078.0,159.7755,41864
ABNB,2024-04-03,161.22,163.65,158.52,158.84,3539700.0,160.92,56456
ABNB,2024-04-04,159.15,162.71,158.9,161.77,2225889.0,161.4728,41800
ABT,2024-03-31,113.66,113.66,111.82,112.09,3963996.0,112.1899,50122
ABT,2024-04-01,111.8903,112.42,111.18,112.02,4560740.0,111.9425,53349
ABT,2024-04-02,112.14,112.55,111.05,111.28,4409909.0,111.5521,55753
ABT,2024-04-03,111.84,112.0,109.8375,110.11,4799745.0,110.5055,63813
ABT,2024-04-04,109.7,111.26,109.54,111.2,5591219.0,110.9149,58713
ACN,2024-03-31,344.86,345.0,338.065,339.17,2320290.0,340.3736,59936
ACN,2024-04-01,336.67,338.88,333.0,336.46,2453410.0,335.5541,53558
ACN,2024-04-02,336.24,337.19,331.89,332.28,1975675.0,333.4998,46724
ACN,2024-04-03,334.12,337.99,330.17,330.47,2272998.0,333.176,48697
ACN,2024-04-04,331.53,333.82,330.33,333.0,3694783.0,332.2961,62961
ADBE,2024-03-31,504.99,506.92,499.31,502.09,2056030.0,501.8111,65613
ADBE,2024-04-01,494.403,500.75,491.34,499.21,3083273.0,497.187,78205
ADBE,2024-04-02,497.36,498.86,494.71,497.01,2604428.0,497.2481,72073
ADBE,2024-04-03,503.56,504.11,486.7,487.11,3403327.0,492.9722,91371
ADBE,2024-04-04,488.84,490.09,481.28,485.12,4972655.0,485.2729,109711
ADP,2024-03-31,250.38,250.61,245.015,245.31,1535471.0,245.7333,28159
ADP,2024-04-01,240.11,248.725,239.72,247.66,2297388.0,246.9925,40408
ADP,2024-04-02,247.82,248.41,244.74,245.13,2370064.0,245.4583,32723
ADP,2024-04-03,247.57,247.62,241.4,241.49,1690648.0,242.7968,35425
ADP,2024-04-04,241.95,245.92,241.2725,244.85,1420080.0,244.7635,29509
AIG,2024-03-31,78.0,78.295,77.3,77.64,2329257.0,77.7003,32316
AIG,2024-04-01,77.61,78.29,77.365,78.02,3335127.0,77.9619,37500
AIG,2024-04-02,78.18,78.95,77.56,77.8,3380764.0,78.0042,39818
AIG,2024-04-03,78.27,78.92,76.42,76.62,4013062.0,77.4012,43593
AIG,2024-04-04,76.93,77.86,76.69,77.71,2999980.0,77.4891,37004
AJG,2024-03-31,249.08,249.8,246.31,247.18,589857.0,247.4281,14184
AJG,2024-04-01,248.09,248.69,244.8025,245.36,770802.0,245.8025,18972
AJG,2024-04-02,245.56,247.42,245.2015,245.37,644719.0,245.833,15381
AJG,2024-04-03,247.23,247.23,240.06,240.3,1134554.0,241.8998,22730
AJG,2024-04-04,240.66,245.96,240.33,243.99,690763.0,244.0872,20464
AMAT,2024-03-31,206.93,211.77,205.96,208.69,3189699.0,209.0685,59699
AMAT,2024-04-01,206.58,206.58,203.4,206.11,4311377.0,205.3874,63345
AMAT,2024-04-02,203.6,209.1522,203.5,207.38,3375590.0,207.5075,57428
AMAT,2024-04-03,211.61,213.04,201.67,203.39,6242827.0,205.2031,76106
AMAT,2024-04-04,204.9,209.53,204.9,207.85,3330679.0,207.7972,60742
AMD,2024-03-31,180.1,187.24,179.9,183.34,74299905.0,183.5875,582868
AMD,2024-04-01,179.47,180.1,174.83,178.7,61592517.0,176.8444,533493
AMD,2024-04-02,177.54,182.05,176.7,180.77,49835064.0,180.6832,426058
AMD,2024-04-03,182.92,183.02,165.65,165.83,88222257.0,173.6889,785550
AMD,2024-04-04,168.1,172.69,165.58,170.42,66054391.0,170.3164,587120
AMGN,2024-03-31,282.11,283.83,279.0,283.04,1868570.0,281.8099,41961
AMGN,2024-04-01,283.34,283.91,276.04,276.21,2220528.0,277.4059,43932
AMGN,2024-04-02,275.69,276.47,273.68,274.42,1666639.0,274.8872,41337
AMGN,2024-04-03,276.05,276.7299,267.7509,268.09,2451166.0,270.4721,53663
AMGN,2024-04-04,265.9,273.07,265.08,269.95,2293985.0,269.9659,48373
AMZN,2024-03-31,180.79,183.0,179.95,180.97,29174521.0,180.9175,370612
AMZN,2024-04-01,179.07,180.79,178.3762,180.69,32605246.0,180.0752,355847
AMZN,2024-04-02,179.9,182.87,179.8,182.41,31024438.0,182.085,350781
AMZN,2024-04-03,184.0,185.1,180.0,180.0,41624261.0,182.5315,465372
AMZN,2024-04-04,182.38,186.27,181.97,185.07,42373992.0,184.7021,465500
ARM,2024-04-02,123.0,125.9796,122.62,125.31,3875999.0,124.7469,50769
ARM,2024-04-03,126.5,127.98,121.82,122.01,5477260.0,125.0193,69479
ARM,2024-04-04,122.6,125.72,120.02,124.82,4537556.0,123.8437,60984
ASML,2024-03-31,979.76,1022.6599,979.76,992.95,1108469.0,1001.6498,45080
ASML,2024-04-01,968.13,973.84,957.115,966.71,964241.0,964.2752,42736
ASML,2024-04-02,965.88,986.47,962.095,980.27,892087.0,977.2209,37428
ASML,2024-04-03,991.99,996.8,953.39,953.41,1269667.0,973.6614,49791
ASML,2024-04-04,976.5,986.6,966.915,979.55,878362.0,977.9354,38519
AVGO,2024-03-31,1325.68,1362.98,1325.41,1350.26,1725196.0,1347.5671,73131
AVGO,2024-04-01,1315.79,1342.37,1303.4138,1338.76,2469356.0,1326.931,82796
AVGO,2024-04-02,1328.0,1376.82,1325.27,1363.21,2865042.0,1363.0536,87347
AVGO,2024-04-03,1385.32,1403.98,1315.0,1317.5,2701365.0,1351.4526,107541
AVGO,2024-04-04,1326.0,1361.23,1314.195,1339.43,1943828.0,1340.5035,81428
AXP,2024-03-31,227.44,228.57,226.83,227.61,1616807.0,227.5577,40350
AXP,2024-04-01,226.37,226.97,224.5905,225.53,1984722.0,225.5803,42244
AXP,2024-04-02,225.81,227.255,225.25,226.63,2070155.0,226.6322,47073
AXP,2024-04-03,229.14,229.68,219.21,219.59,3035326.0,222.3142,52591
AXP,2024-04-04,220.0,223.12,219.52,222.46,1827905.0,221.9412,42349
AZN,2024-03-31,68.2,68.22,67.04,67.25,3113791.0,67.2374,39563
AZN,2024-04-01,67.15,67.38,66.755,67.0,4396847.0,67.0225,50170
AZN,2024-04-02,66.4,67.3499,66.385,66.81,3795696.0,66.9173,41927
AZN,2024-04-03,68.99,68.99,67.29,67.34,7453946.0,68.0073,67216
AZN,2024-04-04,66.98,67.72,66.89,67.45,4811317.0,67.3453,56524
BA,2024-03-31,192.24,192.8673,189.03,189.5,5107773.0,190.0549,72350
BA,2024-04-01,189.0,189.23,187.13,188.04,4477218.0,188.0617,67292
BA,2024-04-02,187.68,188.78,184.27,184.92,6609307.0,186.38,94085
BA,2024-04-03,185.93,188.0,182.81,183.29,6513806.0,185.3952,87258
BA,2024-04-04,184.16,184.66,182.44,183.14,4130401.0,183.5788,63495
BABA,2024-03-31,73.24,73.582,72.81,73.37,14311746.0,73.2465,138497
BABA,2024-04-01,72.57,73.14,72.51,72.88,17281851.0,72.8624,109464
BABA,2024-04-02,72.42,72.87,72.11,72.44,11702913.0,72.3602,102402
BABA,2024-04-03,72.98,73.23,71.9,71.95,11081558.0,72.6497,102907
BABA,2024-04-04,71.68,72.025,71.41,71.66,12260274.0,71.7121,91283
BAC,2024-03-31,37.94,38.35,37.44,37.52,33908007.0,37.6009,149291
BAC,2024-04-01,37.19,37.575,37.1625,37.3,34806824.0,37.339,152978
BAC,2024-04-02,37.4,38.015,37.27,37.44,33338470.0,37.5422,159124
BAC,2024-04-03,37.7,37.96,36.87,36.92,42888184.0,37.308,161282
BAC,2024-04-04,36.81,37.34,36.73,37.11,30823542.0,37.0878,137438
BBY,2024-03-31,82.1,82.91,81.61,81.64,1888154.0,82.1028,31879
BBY,2024-04-01,81.16,81.43,79.92,80.17,2020327.0,80.2512,30901
BBY,2024-04-02,80.13,80.5,79.11,79.31,2063047.0,79.5066,33824
BBY,2024-04-03,80.33,80.845,78.37,79.0,2252673.0,79.1768,35912
BBY,2024-04-04,78.88,79.8517,78.8,79.61,1680105.0,79.4287,25526
BHP,2024-03-31,58.25,58.67,58.08,58.35,2281903.0,58.3784,27242
BHP,2024-04-01,58.59,59.23,58.485,59.17,3132633.0,58.8966,34641
BHP,2024-04-02,58.62,58.87,58.235,58.84,3781436.0,58.6438,46800
BHP,2024-04-03,59.3,59.34,57.725,57.74,2818664.0,58.5836,33000
BHP,2024-04-04,57.77,57.9351,57.27,57.66,3435577.0,57.6498,40120
BKNG,2024-03-31,3651.03,3654.85,3548.0,3568.87,227670.0,3577.2971,18357
BKNG,2024-04-01,3518.6,3585.07,3518.6,3566.09,257167.0,3560.2267,16836
BKNG,2024-04-02,3599.0,3646.11,3595.42,3632.38,255038.0,3627.6231,17957
BKNG,2024-04-03,3658.0,3671.48,3518.3,3521.93,322745.0,3578.8031,23769
BKNG,2024-04-04,3530.0,3610.48,3530.0,3601.9,258504.0,3586.1424,19644
BLK,2024-03-31,834.98,835.12,825.24,826.77,395890.0,828.2414,23785
BLK,2024-04-01,825.5,825.91,810.0,816.59,530683.0,814.9304,26632
BLK,2024-04-02,815.45,826.08,813.56,814.8,369663.0,816.8722,23731
BLK,2024-04-03,822.38,826.52,790.18,792.09,1189423.0,804.14,39253
BLK,2024-04-04,793.63,804.2699,790.12,797.56,687330.0,798.0577,28927
BMY,2024-03-31,54.17,54.23,52.96,52.99,9520366.0,53.2406,89781
BMY,2024-04-01,53.1,53.35,52.53,52.74,10234303.0,52.7972,89462
BMY,2024-04-02,52.75,52.87,52.1,52.18,10434586.0,52.329,84223
BMY,2024-04-03,51.94,52.085,51.2,51.4,10993708.0,51.5389,80317
BMY,2024-04-04,51.19,51.45,50.77,51.32,9095546.0,51.2355,77354
BOLT,2024-03-31,1.41,1.56,1.36,1.5,331789.0,1.4647,1293
BOLT,2024-04-01,1.44,1.4799,1.36,1.4,237234.0,1.4164,606
BOLT,2024-04-02,1.37,1.48,1.3,1.35,203324.0,1.3806,536
BOLT,2024-04-03,1.35,1.36,1.32,1.33,42197.0,1.3426,227
BOLT,2024-04-04,1.37,1.37,1.32,1.33,28752.0,1.3465,122
BP,2024-03-31,37.86,38.04,37.295,37.94,6296918.0,37.8674,39895
BP,2024-04-01,38.38,38.705,38.175,38.65,7592890.0,38.4765,44836
BP,2024-04-02,38.56,38.94,38.35,38.81,8960614.0,38.7273,46652
BP,2024-04-03,38.65,38.725,38.31,38.4,13924391.0,38.5203,61301
BP,2024-04-04,38.47,38.71,38.16,38.66,13131460.0,38.5104,60726
BREA,2024-03-31,1.27,1.348,1.25,1.29,65547.0,1.3104,557
BREA,2024-04-01,1.25,1.33,1.1952,1.24,52056.0,1.2509,464
BREA,2024-04-02,1.24,1.3,1.2,1.29,99697.0,1.2517,474
BREA,2024-04-03,1.32,1.44,1.25,1.35,97784.0,1.3707,630
BREA,2024-04-04,1.37,1.4,1.28,1.33,66094.0,1.3438,301
BRK.A,2024-03-31,634830.535,637349.99,629565.0,634030.0,21065.0,634346.3189,21053
BRK.A,2024-04-01,634792.0,637637.05,629647.505,630289.0,13359.0,632728.2613,13335
BRK.A,2024-04-02,631181.505,635100.0,629796.01,633899.0,13173.0,633444.9543,13154
BRK.A,2024-04-03,638862.125,641148.2388,626439.31,628419.99,13485.0,636539.1436,13440
BRK.A,2024-04-04,630100.01,633808.99,626391.02,631255.02,13261.0,631049.8518,13250
BRK.B,2024-03-31,421.49,421.66,417.81,420.2,2718872.0,419.9705,73366
BRK.B,2024-04-01,419.75,421.01,418.085,418.92,3175139.0,419.0953,68232
BRK.B,2024-04-02,419.0,421.9099,418.52,420.24,2742174.0,420.3367,65522
BRK.B,2024-04-03,423.84,424.52,414.55,415.32,3802994.0,418.6674,86780
BRK.B,2024-04-04,416.56,419.27,415.41,418.62,2739587.0,417.9339,68691
BUD,2024-03-31,60.69,61.18,60.54,61.1,2289874.0,60.9435,22753
BUD,2024-04-01,60.8,60.8,60.39,60.71,2152496.0,60.6483,22727
BUD,2024-04-02,60.62,60.64,60.125,60.24,1764398.0,60.3644,25300
BUD,2024-04-03,60.24,60.485,59.459,59.54,2572197.0,59.8675,25667
BUD,2024-04-04,59.82,60.185,59.69,59.96,2004501.0,59.9122,20075
BX,2024-03-31,131.8,132.0,130.85,131.03,2478183.0,131.3083,35986
BX,2024-04-01,128.05,128.13,124.67,126.31,3621107.0,126.2575,52104
BX,2024-04-02,125.63,127.33,125.355,126.57,2101897.0,126.4157,33848
BX,2024-04-03,128.0,129.15,125.655,126.01,2445082.0,127.2651,39115
BX,2024-04-04,126.0,128.4,125.36,127.58,1906734.0,127.1007,30977
C,2024-03-31,63.6,63.9,63.02,63.46,14223891.0,63.4375,103677
C,2024-04-01,62.65,63.59,62.65,62.84,16062020.0,63.0226,111647
C,2024-04-02,62.86,63.39,61.5199,61.69,18079907.0,62.12,130049
C,2024-04-03,62.15,62.74,60.75,60.91,13401117.0,61.6727,116834
C,2024-04-04,60.82,62.04,60.4237,61.6,12686337.0,61.3721,105938
CAT,2024-03-31,367.48,367.93,362.64,363.74,1953766.0,364.502,46657
CAT,2024-04-01,362.31,364.99,361.48,364.83,1946867.0,363.7696,47206
CAT,2024-04-02,365.49,376.07,364.6,375.79,2623737.0,372.9611,63331
CAT,2024-04-03,377.37,381.03,368.88,369.79,2492175.0,374.7731,67443
CAT,2024-04-04,372.5,381.0,371.79,379.3,2068267.0,378.3434,53377
CB,2024-03-31,258.97,259.0,256.6,257.4,753394.0,257.6376,22589
CB,2024-04-01,257.86,258.28,256.06,256.34,928934.0,256.6822,23653
CB,2024-04-02,256.06,257.0,254.6,254.79,1102234.0,255.223,26189
CB,2024-04-03,255.31,257.07,252.02,252.23,1331062.0,253.8093,28652
CB,2024-04-04,254.0,254.71,252.445,252.9,1266199.0,253.213,27265
CDNS,2024-03-31,310.46,313.97,308.65,312.13,901222.0,311.3571,26142
CDNS,2024-04-01,307.0,307.27,303.53,306.36,1214930.0,305.9795,33160
CDNS,2024-04-02,304.0,312.165,304.0,310.58,1114937.0,310.2322,28940
CDNS,2024-04-03,314.9,317.09,306.04,306.48,1138303.0,311.2175,29972
CDNS,2024-04-04,309.12,310.8012,307.12,308.02,1075892.0,308.7352,28771
CELH,2024-03-31,83.93,85.489,81.42,82.53,3177884.0,83.0005,44880
CELH,2024-04-01,80.232,80.44,78.14,78.89,4303781.0,79.0643,59497
CELH,2024-04-02,79.0,79.55,76.42,76.65,3955000.0,77.7915,49939
CELH,2024-04-03,78.55,80.9699,78.21,79.47,6153901.0,79.59,72251
CELH,2024-04-04,79.5,84.7296,78.13,83.94,4250456.0,83.2442,58332
CI,2024-03-31,362.69,364.35,359.931,364.08,1036780.0,363.1871,23314
CI,2024-04-01,359.95,364.65,359.09,363.09,2054851.0,362.1078,41876
CI,2024-04-02,364.37,364.52,360.33,361.07,1567480.0,361.8714,32853
CI,2024-04-03,364.11,364.14,359.8327,360.37,1147920.0,361.292,29183
CI,2024-04-04,360.84,364.26,359.37,362.45,992542.0,362.2764,24072
CMCSA,2024-03-31,43.03,43.05,41.85,42.28,18303607.0,42.2038,124753
CMCSA,2024-04-01,42.18,42.655,41.61,41.81,16801512.0,41.8454,98932
CMCSA,2024-04-02,41.74,41.945,41.41,41.53,18818652.0,41.5741,97221
CMCSA,2024-04-03,41.81,42.005,40.95,41.11,24458125.0,41.3411,108920
CMCSA,2024-04-04,40.87,41.185,40.635,40.9,22717432.0,40.9698,113028
CMG,2024-03-31,2919.17,2919.89,2863.4616,2877.0,238737.0,2881.757,26935
CMG,2024-04-01,2873.95,2904.82,2850.0,2901.94,225086.0,2885.9095,23967
CMG,2024-04-02,2895.04,2907.02,2873.13,2895.58,216694.0,2888.5318,21624
CMG,2024-04-03,2909.69,2920.25,2853.62,2856.03,232608.0,2883.6923,21462
CMG,2024-04-04,2878.3,2905.73,2874.05,2905.42,204153.0,2896.5712,19324
CMI,2024-03-31,294.29,295.1,292.35,294.53,604681.0,294.1671,16136
CMI,2024-04-01,293.02,296.92,292.46,295.87,1030945.0,295.3603,23341
CMI,2024-04-02,294.5,294.81,290.57,294.67,1343887.0,293.8399,23167
CMI,2024-04-03,297.0,300.99,294.505,294.75,1255001.0,297.1731,24068
CMI,2024-04-04,296.07,301.5,294.821,300.67,1002624.0,300.2941,22048
COIN,2024-04-02,244.04,255.998,243.0,251.58,6670175.0,251.3048,110630
COIN,2024-04-03,260.15,261.5,249.46,249.61,8098342.0,255.897,135242
COIN,2024-04-04,244.91,253.96,240.2,240.9,8438580.0,245.7533,133787
COLL,2024-03-31,38.54,38.97,37.625,38.88,351385.0,38.5859,6960
COLL,2024-04-01,38.35,39.0299,38.12,38.4,335646.0,38.5663,5662
COLL,2024-04-02,38.25,39.46,38.24,39.45,261635.0,39.2298,4877
COLL,2024-04-03,39.6,40.49,39.175,39.3,366245.0,39.752,6451
COLL,2024-04-04,39.23,40.26,39.05,39.99,384718.0,39.89,5300
COP,2024-03-31,128.0,128.94,126.75,128.68,3036214.0,128.3659,46654
COP,2024-04-01,129.52,130.84,128.6292,130.67,4969715.0,130.1939,58486
COP,2024-04-02,130.91,132.0,130.52,131.63,3707331.0,131.4763,50958
COP,2024-04-03,132.13,132.43,131.05,131.75,3908373.0,131.7721,56689
COP,2024-04-04,131.96,133.84,131.19,133.52,3595473.0,133.0459,52236
COST,2024-03-31,731.76,733.27,720.2,721.24,1600705.0,722.9647,79387
COST,2024-04-01,720.0,720.0,708.4,711.3,2326670.0,711.9721,92690
COST,2024-04-02,709.98,710.81,697.27,705.69,3205499.0,703.7685,118188
COST,2024-04-03,708.77,717.13,704.22,704.88,2252433.0,709.2525,75963
COST,2024-04-04,706.04,716.8899,706.02,713.72,1552889.0,712.9952,62630
CRM,2024-03-31,301.69,303.51,299.99,302.26,2902140.0,301.8048,55950
CRM,2024-04-01,297.5,304.457,294.8895,304.0,4746113.0,301.6845,81563
CRM,2024-04-02,303.99,307.16,303.1,304.74,3047382.0,305.1381,60941
CRM,2024-04-03,308.26,311.3,292.1,294.14,8351020.0,298.237,140833
CRM,2024-04-04,293.54,303.415,293.295,301.91,4918179.0,300.3979,78613
CSCO,2024-03-31,49.96,50.2,49.865,50.04,15138079.0,50.0379,92846
CSCO,2024-04-01,49.96,50.09,49.145,49.36,16414408.0,49.386,93252
CSCO,2024-04-02,48.8,49.22,48.66,48.74,22210022.0,48.822,97868
CSCO,2024-04-03,49.09,49.55,48.0431,48.11,17373966.0,48.557,99936
CSCO,2024-04-04,47.96,48.67,47.89,48.55,18661294.0,48.475,121297
CVX,2024-03-31,158.27,159.5899,156.94,159.08,6285717.0,158.9169,92429
CVX,2024-04-01,160.05,161.22,159.02,159.78,8815351.0,159.7551,112250
CVX,2024-04-02,160.1,160.95,159.72,160.44,7819734.0,160.3936,104809
CVX,2024-04-03,160.8,161.95,159.82,160.69,9269716.0,160.9747,112363
CVX,2024-04-04,161.33,162.17,159.86,161.6,7432807.0,161.2826,101008
DASH,2024-04-02,136.97,140.2,136.33,138.78,2365310.0,138.642,39198
DASH,2024-04-03,141.6,142.76,134.45,134.61,2669110.0,137.4827,35130
DASH,2024-04-04,135.69,139.75,134.69,139.56,2505460.0,138.7731,35507
DE,2024-03-31,410.17,411.92,403.68,404.14,1319513.0,405.5128,34940
DE,2024-04-01,405.0,409.7,402.24,404.0,1164615.0,404.4929,30334
DE,2024-04-02,404.23,408.65,403.285,406.03,1077389.0,405.5394,27852
DE,2024-04-03,410.67,413.92,405.32,407.11,1218568.0,410.1151,31810
DE,2024-04-04,408.65,413.15,406.01,412.54,959476.0,410.8496,28720
DELL,2024-04-02,117.79,129.76,117.66,128.58,19390813.0,126.3847,178764
DELL,2024-04-03,129.85,136.16,126.675,127.16,19494763.0,131.7341,179317
DELL,2024-04-04,128.0,132.92,123.51,132.72,10813487.0,129.1369,110749
DG,2024-03-31,156.23,159.93,156.23,157.35,1343948.0,157.867,30093
DG,2024-04-01,156.58,156.97,153.0,154.89,1736624.0,154.5245,33331
DG,2024-04-02,154.63,159.49,153.66,159.18,2536008.0,157.9398,45325
DG,2024-04-03,161.0,164.12,157.955,159.04,3276592.0,159.8522,52620
DG,2024-04-04,159.25,161.99,158.45,159.55,2614637.0,159.9205,39558
DHR,2024-03-31,249.72,250.04,246.67,247.79,1728872.0,247.9198,30977
DHR,2024-04-01,245.0,246.28,242.58,245.94,2955689.0,245.3726,43205
DHR,2024-04-02,246.0,248.1,243.78,244.34,1898629.0,245.2586,32828
DHR,2024-04-03,246.48,247.125,241.72,241.9,2693891.0,243.3899,37355
DHR,2024-04-04,242.13,246.1,242.04,244.28,2280852.0,244.4481,42069
DIS,2024-03-31,122.06,122.3999,120.78,121.53,8379027.0,121.4847,128731
DIS,2024-04-01,120.22,123.53,120.16,122.82,15517067.0,121.9376,169145
DIS,2024-04-02,122.27,123.6902,118.38,118.98,22471185.0,120.3433,220700
DIS,2024-04-03,119.22,120.19,116.96,117.09,13799399.0,118.7357,148076
DIS,2024-04-04,116.6,118.86,116.3,118.38,9653915.0,118.2218,111608
DPZ,2024-03-31,495.05,498.1,492.13,493.92,626953.0,495.0174,20492
DPZ,2024-04-01,493.3,498.21,487.95,497.26,518324.0,495.2428,16817
DPZ,2024-04-02,495.89,508.44,494.82,505.86,1069983.0,504.7648,26319
DPZ,2024-04-03,506.0,506.0,482.78,482.86,842326.0,490.8965,24114
DPZ,2024-04-04,485.0,494.955,485.0,493.2,696398.0,491.6907,20584
DRI,2024-03-31,166.7,167.76,165.21,167.24,1478891.0,166.8893,25719
DRI,2024-04-01,166.74,167.16,163.475,163.98,1071979.0,164.3664,23376
DRI,2024-04-02,163.99,164.605,162.7,162.98,1230662.0,163.3856,25569
DRI,2024-04-03,163.88,165.5,157.99,158.51,1827459.0,160.5697,35848
DRI,2024-04-04,158.1,158.16,156.25,156.35,1467803.0,156.9688,29481
ELV,2024-03-31,516.45,518.0,514.64,516.0,647855.0,515.6965,19751
ELV,2024-04-01,503.94,506.9325,493.64,499.22,1811559.0,497.8123,37666
ELV,2024-04-02,499.09,506.34,498.97,506.0,1085200.0,504.0938,27440
ELV,2024-04-03,507.28,508.14,496.76,498.6,1041964.0,501.6928,23551
ELV,2024-04-04,498.65,508.33,497.41,507.35,1005881.0,505.6235,24061
ETN,2024-03-31,313.0,314.13,311.07,312.03,1213210.0,312.295,28367
ETN,2024-04-01,313.04,316.425,312.58,314.75,2773189.0,314.274,41527
ETN,2024-04-02,315.5,322.36,315.5,320.94,2984709.0,320.401,46092
ETN,2024-04-03,323.91,326.21,318.17,320.16,3039900.0,321.7665,52615
ETN,2024-04-04,323.93,331.4699,322.79,330.51,2644238.0,329.2763,53289
FARM,2024-03-31,3.7,3.759,3.5,3.6,72748.0,3.6107,468
FARM,2024-04-01,3.55,3.61,3.46,3.54,36532.0,3.5253,335
FARM,2024-04-02,3.55,3.58,3.46,3.58,26717.0,3.545,234
FARM,2024-04-03,3.61,3.7,3.6,3.63,47648.0,3.6307,334
FARM,2024-04-04,3.62,3.62,3.455,3.5,30501.0,3.5003,335
FAST,2024-03-31,77.12,77.14,76.19,76.59,2835923.0,76.5804,35499
FAST,2024-04-01,76.55,76.94,76.145,76.3,3251531.0,76.4425,41715
FAST,2024-04-02,76.14,76.67,75.975,76.35,3209210.0,76.346,40614
FAST,2024-04-03,76.89,77.13,75.07,75.17,3975179.0,75.7129,48989
FAST,2024-04-04,75.56,76.87,75.475,76.63,3698361.0,76.4932,50768
FICO,2024-03-31,1249.61,1265.74,1247.93,1254.37,121111.0,1254.9698,7372
FICO,2024-04-01,1233.58,1247.46,1224.81,1247.29,141742.0,1238.6105,9253
FICO,2024-04-02,1229.61,1261.74,1229.61,1248.55,101769.0,1250.5521,7270
FICO,2024-04-03,1260.61,1266.86,1214.89,1219.85,114124.0,1233.7141,8206
FICO,2024-04-04,1221.89,1243.4,1221.89,1231.65,80303.0,1234.2019,6491
FMX,2024-03-31,130.72,131.11,128.96,129.65,451756.0,129.6897,8487
FMX,2024-04-01,128.4,129.59,128.07,128.32,643041.0,128.7246,10787
FMX,2024-04-02,128.46,128.64,124.62,125.19,830640.0,126.24,14435
FMX,2024-04-03,125.67,129.29,125.48,128.39,496243.0,128.2587,9328
FMX,2024-04-04,128.11,129.58,127.18,128.47,310986.0,128.3386,6729
FTNT,2024-03-31,68.73,68.73,66.73,67.82,3003378.0,67.5265,46518
FTNT,2024-04-01,66.97,68.93,66.6024,68.85,4711615.0,68.1981,54747
FTNT,2024-04-02,68.61,72.02,68.58,71.32,7868905.0,71.2149,98542
FTNT,2024-04-03,72.03,73.63,69.21,69.23,6959741.0,70.7648,86945
FTNT,2024-04-04,69.75,71.83,69.34,70.91,7475375.0,70.7513,75711
GE,2024-03-31,175.6,176.0321,173.06,175.36,5905509.0,174.7424,80136
GE,2024-04-01,140.53,144.515,133.99,136.47,20490401.0,139.0556,209105
GE,2024-04-02,138.15,147.935,138.01,145.62,16208461.0,144.9138,179766
GE,2024-04-03,146.65,151.99,146.21,147.39,11880221.0,149.082,145206
GE,2024-04-04,148.53,156.47,148.53,156.3,14777860.0,154.5227,162069
GILD,2024-04-02,72.0,72.17,70.7,70.89,5145312.0,71.2462,62768
GILD,2024-04-03,71.24,71.39,69.395,69.55,7341192.0,70.0687,70171
GILD,2024-04-04,69.69,70.0098,68.54,69.58,6599542.0,69.5278,68680
GOOG,2024-03-31,151.83,157.0,151.65,156.5,24469815.0,155.7895,301866
GOOG,2024-04-01,154.75,155.99,153.46,155.87,17598064.0,155.1383,229211
GOOG,2024-04-02,154.92,156.55,154.1321,156.37,17266175.0,155.8758,212996
GOOG,2024-04-03,155.08,156.18,151.88,151.94,24184842.0,153.8969,339217
GOOG,2024-04-04,151.68,154.84,151.081,153.94,16297319.0,153.7686,228132
GOOGL,2024-03-31,150.69,155.74,150.61,155.49,31730848.0,154.8589,400134
GOOGL,2024-04-01,153.5,154.7,152.15,154.56,24585985.0,153.7983,308546
GOOGL,2024-04-02,153.6,155.08,152.73,154.92,24704991.0,154.4268,301535
GOOGL,2024-04-03,153.5,154.77,150.45,150.53,34713138.0,152.4003,426081
GOOGL,2024-04-04,150.03,153.42,149.6,152.5,23459246.0,152.3253,308516
GS,2024-03-31,416.68,417.95,412.0,413.51,1856948.0,413.5749,40662
GS,2024-04-01,410.74,413.17,407.615,410.15,1976056.0,410.4944,37961
GS,2024-04-02,411.0,416.63,411.0,414.0,1549242.0,413.8094,39905
GS,2024-04-03,418.0,419.0,405.7,406.25,1703949.0,410.7211,39125
GS,2024-04-04,406.56,409.135,401.47,408.07,1694860.0,406.6047,37742
GTLS,2024-03-31,164.32,165.135,159.75,159.97,506517.0,161.1811,12514
GTLS,2024-04-01,158.68,159.21,156.23,156.83,412322.0,157.0092,11353
GTLS,2024-04-02,155.95,158.81,155.93,157.01,529053.0,157.1022,13905
GTLS,2024-04-03,159.07,160.985,153.21,153.31,427964.0,155.708,9777
GTLS,2024-04-04,153.39,156.905,153.2,155.63,409873.0,155.546,9736
GWW,2024-03-31,1015.76,1017.62,1007.543,1009.64,122841.0,1011.1797,8531
GWW,2024-04-01,1010.09,1010.36,996.36,1000.5,187434.0,1001.2324,11274
GWW,2024-04-02,998.03,1012.41,998.03,1006.7,163983.0,1007.0678,9859
GWW,2024-04-03,1012.49,1016.355,990.64,993.17,157389.0,1001.6516,9603
GWW,2024-04-04,999.75,1018.54,995.03,1014.83,138671.0,1013.7266,8630
H,2024-03-31,159.67,159.98,157.56,158.11,399180.0,158.3031,11383
H,2024-04-01,156.71,157.05,154.88,155.47,349289.0,155.5879,9470
H,2024-04-02,154.87,157.72,154.87,157.48,381695.0,157.2612,13267
H,2024-04-03,159.33,159.63,155.03,155.8,309682.0,156.9915,9722
H,2024-04-04,155.89,157.94,155.12,157.17,327006.0,157.15,7903
HD,2024-03-31,381.47,383.139,367.84,368.03,4333231.0,371.1863,95116
HD,2024-04-01,364.5,366.86,362.96,363.0,4650544.0,364.1671,92091
HD,2024-04-02,362.0,362.4,359.0,359.9,4723245.0,360.6947,84436
HD,2024-04-03,362.61,365.0,356.91,357.68,4381563.0,359.7016,73627
HD,2024-04-04,357.68,359.33,356.0157,357.87,3243488.0,357.9249,68586
HDB,2024-03-31,56.09,56.47,55.9,56.23,2706748.0,56.1332,20900
HDB,2024-04-01,55.82,56.985,55.64,56.92,3165412.0,56.5597,27234
HDB,2024-04-02,56.86,57.14,56.25,56.4,3164563.0,56.5614,26367
HDB,2024-04-03,58.56,60.42,58.51,59.28,6917221.0,59.7113,62170
HDB,2024-04-04,60.56,60.83,58.31,58.98,3109869.0,59.1434,32956
HLT,2024-03-31,213.31,214.57,212.2,212.7,1038919.0,212.9249,19243
HLT,2024-04-01,211.17,211.675,210.225,210.37,1412821.0,210.5807,28473
HLT,2024-04-02,210.89,213.02,210.735,212.17,1163393.0,212.236,27722
HLT,2024-04-03,214.07,214.72,207.69,208.79,1233969.0,210.5517,25149
HLT,2024-04-04,209.26,212.19,208.4001,211.69,1379729.0,211.2651,26690
HON,2024-03-31,205.39,205.89,201.89,202.01,2221894.0,202.4601,38244
HON,2024-04-01,202.08,202.3,200.02,200.23,2615337.0,200.5458,43299
HON,2024-04-02,199.42,200.94,197.92,197.97,2496129.0,198.7934,47755
HON,2024-04-03,200.68,200.68,195.52,196.05,3414771.0,197.5714,47272
HON,2024-04-04,195.9,198.4,195.1528,197.15,2212855.0,197.1748,42827
HSBC,2024-03-31,39.37,39.45,39.08,39.31,1314952.0,39.223,11845
HSBC,2024-04-01,39.13,39.335,39.04,39.32,1379153.0,39.2444,12719
HSBC,2024-04-02,39.59,40.18,39.55,40.13,1875587.0,39.9955,19472
HSBC,2024-04-03,40.89,40.96,40.12,40.17,3000082.0,40.5572,21838
HSBC,2024-04-04,40.41,40.72,40.26,40.72,1404030.0,40.5422,14622
IBM,2024-03-31,190.0,190.46,188.52,189.83,2364320.0,189.5398,47709
IBM,2024-04-01,189.14,189.8,187.6,188.88,2693455.0,188.6906,49375
IBM,2024-04-02,188.6,191.35,188.485,190.9,2826193.0,190.6255,51229
IBM,2024-04-03,192.0,193.28,187.34,187.94,2983853.0,189.8769,55078
IBM,2024-04-04,188.59,190.32,188.02,189.14,2014264.0,189.3191,42675
ICE,2024-04-02,137.33,138.16,136.66,137.39,2426568.0,137.2361,33600
ICE,2024-04-03,138.25,138.8696,136.25,136.7,2744664.0,137.0116,31747
ICE,2024-04-04,136.74,137.98,136.06,137.87,2328202.0,137.4553,29210
INTC,2024-03-31,44.29,45.41,44.18,44.52,31712593.0,44.5926,214197
INTC,2024-04-01,43.925,44.08,43.5,43.94,32748360.0,43.7468,239755
INTC,2024-04-02,41.4,41.65,40.22,40.33,83717226.0,40.7846,519003
INTC,2024-04-03,40.59,40.7798,39.7,39.73,57283793.0,40.1994,347497
INTC,2024-04-04,39.35,39.46,38.51,38.71,67155035.0,38.761,418131
INTU,2024-03-31,653.13,654.4,635.88,639.84,696985.0,640.363,29589
INTU,2024-04-01,630.44,630.44,622.29,626.59,2119447.0,625.9549,49433
INTU,2024-04-02,626.59,632.86,621.45,623.0,1566524.0,625.5999,40098
INTU,2024-04-03,633.78,637.06,620.33,621.28,1293478.0,626.7459,37381
INTU,2024-04-04,623.5,637.25,621.55,635.74,1619825.0,633.5951,40931
IOT,2024-03-31,37.6,37.89,35.95,36.0,3561409.0,36.4286,33302
IOT,2024-04-01,35.15,35.53,33.92,35.52,3886535.0,34.9191,37060
IOT,2024-04-02,35.29,35.43,34.3801,34.48,2459339.0,34.771,25704
IOT,2024-04-03,34.85,35.38,33.73,33.75,2335961.0,34.4302,24970
IOT,2024-04-04,33.95,34.31,33.68,33.89,2132226.0,33.9846,21274
ISRG,2024-03-31,399.0,399.64,392.22,394.87,1159879.0,394.5017,28139
ISRG,2024-04-01,391.99,391.99,380.51,382.36,2334124.0,382.9432,56979
ISRG,2024-04-02,383.77,388.29,382.22,383.42,1634337.0,384.9111,40180
ISRG,2024-04-03,387.76,389.025,378.62,378.92,1603036.0,382.4223,35265
ISRG,2024-04-04,381.12,393.66,379.24,388.39,1404465.0,389.4029,40645
ITCI,2024-03-31,69.2,69.36,67.73,68.27,367886.0,68.2748,7654
ITCI,2024-04-01,66.94,67.55,65.93,66.67,502775.0,66.5132,9711
ITCI,2024-04-02,66.28,68.73,65.99,67.32,586293.0,67.5305,9624
ITCI,2024-04-03,68.49,69.33,66.61,67.21,661496.0,67.4583,10909
ITCI,2024-04-04,67.29,69.5,67.02,68.44,702125.0,68.4877,10390
JBHT,2024-03-31,196.95,198.94,194.72,196.48,714643.0,196.4091,18862
JBHT,2024-04-01,195.69,196.01,193.49,194.96,532677.0,194.6652,14687
JBHT,2024-04-02,194.76,197.85,193.8,197.18,664376.0,196.9184,14644
JBHT,2024-04-03,197.52,199.12,193.78,194.52,1097388.0,196.2276,19624
JBHT,2024-04-04,194.52,196.25,194.04,195.33,392497.0,195.2062,11354
JNJ,2024-03-31,157.72,158.15,156.77,157.78,4364699.0,157.6159,84665
JNJ,2024-04-01,156.57,157.83,155.95,157.73,6102497.0,157.2477,87159
JNJ,2024-04-02,157.79,158.05,154.25,154.26,8098242.0,155.0381,117395
JNJ,2024-04-03,155.31,155.5,152.41,152.5,6947423.0,153.4653,104362
JNJ,2024-04-04,152.03,153.01,151.61,152.39,6783020.0,152.3216,116073
JPM,2024-03-31,199.99,200.94,198.565,198.94,7309009.0,199.1407,110845
JPM,2024-04-01,198.39,199.78,198.08,198.86,7014683.0,198.8779,101851
JPM,2024-04-02,199.04,199.56,197.7,198.3,9353426.0,198.5897,119186
JPM,2024-04-03,199.15,199.68,195.55,195.65,9243793.0,197.5601,124155
JPM,2024-04-04,196.16,198.1224,195.11,197.45,6532278.0,197.0448,111367
KLAC,2024-03-31,700.0,718.18,699.75,710.88,772430.0,710.7029,23374
KLAC,2024-04-01,694.23,697.259,686.1,693.93,950885.0,691.7841,31886
KLAC,2024-04-02,690.18,707.13,686.99,697.53,782472.0,699.3123,25128
KLAC,2024-04-03,706.28,707.85,668.43,672.75,1103106.0,682.7272,36805
KLAC,2024-04-04,674.07,688.83,674.07,682.84,790881.0,683.5596,28187
KO,2024-03-31,61.18,61.3,60.63,60.68,11668686.0,60.7719,135127
KO,2024-04-01,60.45,60.73,60.11,60.15,13017260.0,60.3182,133278
KO,2024-04-02,60.05,60.39,59.78,59.83,13672922.0,59.9981,144834
KO,2024-04-03,60.09,60.15,59.17,59.3,14320686.0,59.4967,131336
KO,2024-04-04,59.25,59.68,58.9101,59.51,10157760.0,59.4203,132227
LIN,2024-03-31,465.94,466.55,461.81,463.4,1027333.0,463.6408,26668
LIN,2024-04-01,462.37,464.2227,460.835,461.34,1451115.0,461.6911,39170
LIN,2024-04-02,460.82,464.34,460.175,462.47,1449208.0,462.5992,31440
LIN,2024-04-03,463.32,466.94,455.97,457.26,2258546.0,459.4752,39053
LIN,2024-04-04,457.52,465.79,456.57,464.7,1575880.0,463.7156,40624
LLY,2024-03-31,776.0,777.5,753.82,760.55,2921338.0,760.2603,104636
LLY,2024-04-01,755.07,765.07,753.5,763.96,2596789.0,761.4519,83287
LLY,2024-04-02,765.69,787.2475,765.41,775.99,3044910.0,778.0106,87122
LLY,2024-04-03,781.54,787.8969,767.82,768.08,2353992.0,773.35,77546
LLY,2024-04-04,765.47,786.705,763.09,784.21,2113429.0,779.2675,70795
LMT,2024-03-31,454.14,455.36,451.22,452.79,717234.0,452.9232,27657
LMT,2024-04-01,453.63,455.69,452.56,453.24,837966.0,453.7372,30006
LMT,2024-04-02,452.92,454.1469,447.59,447.9,758767.0,449.0946,26864
LMT,2024-04-03,450.26,455.98,447.145,454.04,1398347.0,452.2537,38908
LMT,2024-04-04,452.41,455.5732,449.85,455.38,892120.0,453.4804,29698
LOW,2024-03-31,253.35,255.315,248.52,249.28,2362999.0,250.2663,49341
LOW,2024-04-01,246.28,247.02,243.48,244.45,2819734.0,244.7079,54595
LOW,2024-04-02,241.06,244.14,240.49,240.7,3144468.0,241.4782,57675
LOW,2024-04-03,243.56,245.35,237.81,238.01,2343670.0,239.5972,47667
LOW,2024-04-04,238.0,240.425,237.825,239.32,1680813.0,239.404,36241
LRCX,2024-03-31,972.03,994.92,971.0001,981.79,651373.0,982.9852,25671
LRCX,2024-04-01,967.0,972.9,957.0,967.33,907217.0,965.4315,33857
LRCX,2024-04-02,961.85,988.125,960.03,978.37,730229.0,979.5934,29417
LRCX,2024-04-03,992.59,1001.84,944.0,951.63,991934.0,964.0961,36011
LRCX,2024-04-04,965.9,977.73,960.5001,968.58,804776.0,969.5534,26829
LULU,2024-04-02,378.68,379.8999,373.81,374.01,1550842.0,376.1163,42450
LULU,2024-04-03,373.0,373.34,356.75,357.56,4717602.0,363.1694,115013
LULU,2024-04-04,357.9,360.82,355.23,356.87,1809765.0,357.5431,53427
LYV,2024-03-31,105.78,106.71,103.93,104.22,2028833.0,104.5638,32082
LYV,2024-04-01,103.69,105.0,102.255,104.88,2421796.0,104.1842,28279
LYV,2024-04-02,104.01,104.97,103.65,104.2,1635511.0,104.3535,28532
LYV,2024-04-03,105.0,105.14,102.36,102.41,1582974.0,103.2812,25052
LYV,2024-04-04,102.74,104.18,102.74,103.52,1092666.0,103.6292,23601
MA,2024-03-31,480.66,483.28,477.33,478.4,1648343.0,478.7702,44327
MA,2024-04-01,476.97,480.41,476.3,479.43,3265212.0,478.9536,47460
MA,2024-04-02,480.44,483.3,477.21,477.42,2265162.0,479.0713,46412
MA,2024-04-03,479.97,481.96,469.0,469.77,2552759.0,473.3438,46661
MA,2024-04-04,474.0,479.31,472.53,477.15,2462740.0,476.83,50319
MAR,2024-03-31,253.52,254.51,250.73,251.33,1178685.0,251.4979,28756
MAR,2024-04-01,250.17,250.17,246.54,247.74,1252386.0,247.7708,29834
MAR,2024-04-02,247.17,250.8,246.77,250.59,1071150.0,249.8611,27407
MAR,2024-04-03,253.34,254.83,248.055,248.89,1607501.0,250.707,33523
MAR,2024-04-04,248.9,254.33,248.27,253.93,1293446.0,253.1544,32048
MCD,2024-03-31,281.5,281.55,278.64,280.22,2408799.0,279.9683,52746
MCD,2024-04-01,280.0,280.48,277.45,277.74,2907899.0,278.0886,56162
MCD,2024-04-02,276.57,277.96,275.15,275.54,2747979.0,276.2563,58910
MCD,2024-04-03,276.24,276.24,269.92,270.09,4095144.0,272.738,71757
MCD,2024-04-04,269.42,270.62,266.36,266.69,6816035.0,267.5998,108866
MDT,2024-03-31,86.84,87.18,86.43,87.02,4727418.0,86.8053,52675
MDT,2024-04-01,86.86,86.91,84.95,85.2,6007243.0,85.4842,59923
MDT,2024-04-02,85.47,85.73,84.73,85.0,5887405.0,85.1638,59030
MDT,2024-04-03,85.34,85.4,83.75,83.92,6797059.0,84.4406,65536
MDT,2024-04-04,83.44,84.679,83.1,84.56,4935938.0,84.3207,58756
MET,2024-04-02,73.1,74.03,73.1,73.57,2003100.0,73.607,28181
MET,2024-04-03,74.19,74.675,72.8,73.13,2894476.0,73.5645,40782
MET,2024-04-04,73.25,73.815,72.84,73.6,1830606.0,73.4712,28976
META,2024-03-31,487.2,497.43,481.78,491.35,9234757.0,491.4894,196856
META,2024-04-01,485.1,497.53,484.65,497.37,11081026.0,492.5131,211493
META,2024-04-02,498.93,507.24,498.75,506.74,12099171.0,504.911,230137
META,2024-04-03,516.42,530.0,510.58,510.92,26476253.0,520.4068,403717
META,2024-04-04,516.855,530.7,514.4099,527.34,19263265.0,524.7423,323041
MGY,2024-03-31,26.13,26.2,25.68,26.19,4978911.0,26.1078,19512
MGY,2024-04-01,26.25,26.465,25.855,26.23,2953154.0,26.1309,21590
MGY,2024-04-02,26.23,26.63,26.19,26.62,2115628.0,26.5098,18083
MGY,2024-04-03,26.72,26.87,26.48,26.68,1891848.0,26.6903,18343
MGY,2024-04-04,26.81,27.205,26.62,26.98,2033778.0,26.9997,15523
MMC,2024-03-31,205.5,205.55,203.4775,203.89,898980.0,204.0669,19699
MMC,2024-04-01,204.33,205.09,202.91,203.08,1914153.0,203.595,31272
MMC,2024-04-02,202.35,204.64,202.04,203.5,2135319.0,203.8291,33455
MMC,2024-04-03,204.72,205.31,200.48,200.75,2174827.0,202.1574,32311
MMC,2024-04-04,201.81,206.28,201.24,205.58,2227919.0,205.41,39137
MRK,2024-03-31,131.68,131.93,130.11,130.99,5377645.0,130.8153,71534
MRK,2024-04-01,130.1,130.76,129.28,130.35,6584174.0,130.271,73459
MRK,2024-04-02,130.35,132.3,129.425,129.9,7741435.0,130.4357,80511
MRK,2024-04-03,130.83,130.94,127.335,127.66,6753178.0,128.3468,75549
MRK,2024-04-04,127.65,128.6,127.0,127.99,5692896.0,127.8944,74212
MRVL,2024-03-31,71.49,73.9,71.45,73.2,10137758.0,72.9931,97738
MRVL,2024-04-01,72.0,73.705,71.51,73.59,12361446.0,72.8681,123799
MRVL,2024-04-02,73.155,75.53,72.46,73.03,11338893.0,73.6942,110040
MRVL,2024-04-03,75.02,76.29,70.42,70.88,13364163.0,72.5024,129708
MRVL,2024-04-04,71.42,72.72,71.045,72.65,9567246.0,72.1382,104212
MS,2024-03-31,94.16,94.44,93.17,93.53,3416048.0,93.5822,51647
MS,2024-04-01,92.9,93.77,92.5401,92.71,5245570.0,92.9814,61357
MS,2024-04-02,92.95,94.3,92.75,93.0,4821141.0,93.3316,58166
MS,2024-04-03,94.2,94.735,91.86,92.28,5466099.0,92.8145,74535
MS,2024-04-04,92.25,93.29,91.61,92.47,4654937.0,92.5145,68421
MSFT,2024-03-31,423.95,427.89,422.22,424.57,16315961.0,424.3187,365011
MSFT,2024-04-01,420.11,422.38,417.84,421.44,17911992.0,420.9424,364604
MSFT,2024-04-02,419.73,423.26,419.085,420.45,16502264.0,421.2183,337782
MSFT,2024-04-03,424.99,428.67,417.57,417.88,19370875.0,421.9102,371919
MSFT,2024-04-04,420.01,426.51,418.32,425.52,16549091.0,424.2188,353310
MU,2024-03-31,119.195,127.3799,119.0,124.3,44309399.0,124.6509,401159
MU,2024-04-01,122.71,123.68,120.92,122.75,25026423.0,122.4004,245824
MU,2024-04-02,122.2,128.28,121.33,128.01,40130137.0,126.4909,319730
MU,2024-04-03,130.18,130.5431,123.65,124.09,36009860.0,126.8916,329856
MU,2024-04-04,124.4,125.69,121.2001,123.58,23323521.0,123.0724,250088
MUFG,2024-03-31,9.97,9.99,9.87,9.98,2412464.0,9.9501,13750
MUFG,2024-04-01,9.86,10.0,9.85,9.94,3396140.0,9.9447,12839
MUFG,2024-04-02,10.0,10.09,9.98,10.06,1929709.0,10.0619,8561
MUFG,2024-04-03,10.21,10.27,10.1,10.1,2695316.0,10.1843,8918
MUFG,2024-04-04,10.07,10.155,10.05,10.12,2275771.0,10.1156,8117
NEE,2024-03-31,63.91,64.045,62.76,63.38,13175188.0,63.2516,126881
NEE,2024-04-01,63.27,63.34,62.3557,62.88,9905331.0,62.8254,93335
NEE,2024-04-02,62.69,62.99,61.855,62.55,10551443.0,62.5857,87553
NEE,2024-04-03,63.35,63.975,62.97,63.73,10690083.0,63.6395,101585
NEE,2024-04-04,63.05,64.355,62.9,64.18,10278085.0,63.9236,104342
NFLX,2024-03-31,608.0,615.11,605.571,614.31,2115925.0,611.4022,82606
NFLX,2024-04-01,611.0,615.03,605.5101,614.21,2029217.0,611.2384,72422
NFLX,2024-04-02,612.745,630.41,611.5,630.08,2931231.0,626.016,96201
NFLX,2024-04-03,633.21,638.0,616.58,617.14,3061629.0,626.5112,95569
NFLX,2024-04-04,624.92,637.91,622.71,636.18,3377842.0,633.6126,107085
NKE,2024-03-31,93.81,93.92,91.691,92.56,10353712.0,92.3503,132174
NKE,2024-04-01,91.76,91.9,90.635,90.95,11107332.0,91.2153,125180
NKE,2024-04-02,91.01,91.44,90.28,90.33,8863598.0,90.6741,107693
NKE,2024-04-03,90.95,91.05,88.89,89.07,12110259.0,89.7332,145844
NKE,2024-04-04,89.15,90.25,88.8,88.84,9716682.0,89.2473,109063
NOW,2024-03-31,763.99,773.0899,759.07,768.37,716383.0,765.8867,28788
NOW,2024-04-01,755.09,759.66,748.23,757.0,769141.0,755.5547,33253
NOW,2024-04-02,752.5,764.6963,751.5,759.16,563292.0,759.5846,26138
NOW,2024-04-03,768.4,782.25,757.42,757.55,1021371.0,769.4782,39681
NOW,2024-04-04,758.43,791.88,758.43,783.5,1286436.0,780.8309,44540
NVDA,2024-03-31,902.99,922.25,892.04,903.63,45194149.0,905.1506,872234
NVDA,2024-04-01,884.48,900.94,876.2,894.52,43254505.0,889.6058,838078
NVDA,2024-04-02,884.84,903.74,884.0,889.64,36940205.0,895.4629,698935
NVDA,2024-04-03,904.06,906.3399,858.8,859.05,43471542.0,883.5065,892804
NVDA,2024-04-04,868.66,884.81,859.26,880.08,39958446.0,875.8423,788316
NVO,2024-03-31,129.11,129.11,127.15,127.55,3065147.0,127.766,50601
NVO,2024-04-01,125.05,126.68,124.08,126.46,4322447.0,125.6814,67160
NVO,2024-04-02,125.38,128.13,125.38,126.99,3616445.0,127.0434,57617
NVO,2024-04-03,126.9,127.4799,123.77,123.96,4006827.0,125.387,63730
NVO,2024-04-04,124.67,126.17,124.6,125.86,4997816.0,125.7035,51631
NVS,2024-03-31,96.83,97.055,95.445,95.87,1258616.0,95.8135,19380
NVS,2024-04-01,94.64,94.64,93.92,94.41,1468622.0,94.398,23635
NVS,2024-04-02,94.45,94.88,94.175,94.37,1168904.0,94.5211,19458
NVS,2024-04-03,97.25,98.205,96.54,96.89,2544694.0,97.2696,35301
NVS,2024-04-04,95.3,95.93,95.13,95.79,1916901.0,95.7,25326
ORCL,2024-03-31,125.54,126.272,124.56,125.48,4133571.0,125.3053,60849
ORCL,2024-04-01,124.51,124.93,123.43,124.34,4862415.0,124.1702,63191
ORCL,2024-04-02,124.26,126.405,124.06,126.24,7429977.0,125.7328,73153
ORCL,2024-04-03,127.6,127.99,124.03,124.19,7588298.0,125.493,84378
ORCL,2024-04-04,124.42,125.995,124.14,124.9,4899499.0,125.0561,64930
OXY,2024-04-02,67.59,67.88,67.045,67.71,8505861.0,67.5809,87574
OXY,2024-04-03,67.71,68.14,67.22,67.63,7475681.0,67.7012,75164
OXY,2024-04-04,68.0,69.58,67.56,69.25,12365326.0,68.8267,114296
PBR,2024-03-31,15.22,15.26,15.05,15.22,15176984.0,15.149,44916
PBR,2024-04-01,15.39,15.66,15.37,15.63,20988893.0,15.5353,56280
PBR,2024-04-02,15.56,15.68,15.39,15.59,15800815.0,15.5264,50363
PBR,2024-04-03,15.82,16.27,15.35,15.52,62785647.0,15.8464,211419
PBR,2024-04-04,15.16,15.58,15.125,15.49,23338262.0,15.3742,64065
PBR.A,2024-03-31,14.87,14.89,14.725,14.89,4201033.0,14.8211,19056
PBR.A,2024-04-01,15.0,15.285,14.98,15.28,5550170.0,15.1362,22988
PBR.A,2024-04-02,15.19,15.31,15.06,15.24,4368662.0,15.1891,22412
PBR.A,2024-04-03,15.53,15.715,14.88,15.03,19133065.0,15.3211,74973
PBR.A,2024-04-04,14.84,15.22,14.79,15.08,7082249.0,14.9967,33883
PDD,2024-03-31,117.9,121.36,117.23,119.16,6163332.0,119.6029,80664
PDD,2024-04-01,119.13,119.17,116.57,118.24,4791592.0,118.1405,55766
PDD,2024-04-02,117.51,119.89,117.06,119.52,3668989.0,119.0951,52594
PDD,2024-04-03,120.1,120.73,117.4,117.47,4876938.0,118.5389,52670
PDD,2024-04-04,117.9,118.1344,116.17,117.87,8614228.0,117.6963,47057
PEP,2024-03-31,175.57,176.23,172.65,172.98,4815366.0,173.4208,72973
PEP,2024-04-01,172.94,173.87,171.36,171.44,5158492.0,171.956,67803
PEP,2024-04-02,170.0,170.92,168.7,169.68,5828024.0,169.9962,84295
PEP,2024-04-03,170.92,171.78,169.33,169.65,5422567.0,170.2537,76904
PEP,2024-04-04,169.4,169.97,168.065,169.14,4412390.0,169.185,78687
PFE,2024-03-31,27.76,27.87,27.575,27.72,26596621.0,27.7004,139619
PFE,2024-04-01,27.57,27.75,27.41,27.55,32451485.0,27.5796,135392
PFE,2024-04-02,27.51,27.75,27.2,27.22,36828630.0,27.3346,157123
PFE,2024-04-03,27.31,27.4,26.64,26.65,41922711.0,26.9272,170038
PFE,2024-04-04,26.56,26.7,26.35,26.66,39880542.0,26.5376,161304
PG,2024-03-31,161.78,162.07,159.8,160.58,5971857.0,160.5725,80607
PG,2024-04-01,159.64,160.71,159.64,160.57,6771395.0,160.4179,77036
PG,2024-04-02,160.63,160.88,155.68,156.15,9601812.0,156.7096,127966
PG,2024-04-03,156.88,157.08,155.41,155.45,6801662.0,156.0041,81476
PG,2024-04-04,155.29,157.06,154.69,156.1,5121197.0,156.0727,84603
PGR,2024-03-31,207.19,210.05,205.92,209.95,2324259.0,209.0711,35594
PGR,2024-04-01,209.96,210.71,208.9506,210.03,1919201.0,209.8928,33526
PGR,2024-04-02,210.29,211.745,209.595,210.77,2526869.0,210.8704,37859
PGR,2024-04-03,211.2,212.24,208.3663,209.24,2581398.0,209.9401,38339
PGR,2024-04-04,210.24,212.045,209.28,211.0,3036045.0,211.0576,37799
PLD,2024-03-31,130.22,130.77,127.445,127.92,1762975.0,128.1226,30346
PLD,2024-04-01,126.88,127.15,124.84,125.58,3187442.0,125.578,45106
PLD,2024-04-02,125.07,126.66,124.62,126.09,3585007.0,126.1201,41944
PLD,2024-04-03,128.24,128.708,124.3244,124.69,4335834.0,125.4503,43644
PLD,2024-04-04,124.03,124.92,123.25,124.74,5099653.0,124.3448,50113
PLTR,2024-04-02,22.44,23.01,22.38,22.7,30357412.0,22.7471,143068
PLTR,2024-04-03,23.82,24.1,22.4,22.48,64995295.0,23.1265,264135
PLTR,2024-04-04,22.42,23.32,22.3065,22.96,38716824.0,22.9504,173942
PM,2024-03-31,91.4,92.45,91.23,91.44,6476723.0,91.819,45663
PM,2024-04-01,91.43,92.29,91.4,91.82,4861641.0,91.7484,51059
PM,2024-04-02,91.84,92.05,90.94,91.0,4823865.0,91.2136,50505
PM,2024-04-03,91.59,91.59,90.005,90.1,5469111.0,90.5741,50068
PM,2024-04-04,90.04,90.21,88.96,89.48,5119703.0,89.5356,53344
PRCT,2024-03-31,49.54,49.855,46.765,47.0,629964.0,47.3675,9753
PRCT,2024-04-01,46.22,47.27,45.64,46.56,338044.0,46.4686,7004
PRCT,2024-04-02,46.47,47.65,46.13,46.55,428144.0,46.6581,7656
PRCT,2024-04-03,47.21,47.21,45.56,45.73,278524.0,46.1632,6302
PRCT,2024-04-04,45.97,48.53,45.68,47.04,601177.0,47.4683,9583
PWR,2024-03-31,259.86,260.37,257.03,259.26,810032.0,258.8282,20030
PWR,2024-04-01,256.93,256.93,252.69,256.1,917031.0,255.2904,25468
PWR,2024-04-02,255.28,263.11,255.28,262.29,862279.0,261.5382,22082
PWR,2024-04-03,264.95,265.82,256.88,258.29,969143.0,259.8903,24425
PWR,2024-04-04,259.49,265.0,259.49,263.2,652214.0,263.0448,20300
QCOM,2024-03-31,168.27,172.8,168.21,171.72,6679060.0,171.563,99230
QCOM,2024-04-01,170.47,171.4,169.28,171.04,7436314.0,170.5486,90562
QCOM,2024-04-02,170.0,173.96,169.33,173.91,6921555.0,173.1706,106588
QCOM,2024-04-03,175.0,175.95,169.41,169.76,8805689.0,172.1046,122707
QCOM,2024-04-04,170.18,172.24,169.71,171.53,5863321.0,171.18,92216
RACE,2024-04-02,413.15,421.2,410.88,419.51,303077.0,417.9495,11600
RACE,2024-04-03,419.44,423.34,413.59,414.03,424129.0,419.2966,13266
RACE,2024-04-04,415.65,421.39,414.78,418.86,186699.0,418.4691,7772
REGN,2024-03-31,964.73,970.2,954.09,969.31,360696.0,965.0068,15536
REGN,2024-04-01,961.44,961.44,951.02,954.68,438124.0,955.3517,17181
REGN,2024-04-02,955.0,961.68,950.43,950.95,413251.0,954.4473,15869
REGN,2024-04-03,962.2,962.2,935.36,937.02,410837.0,943.8964,17397
REGN,2024-04-04,939.31,949.83,934.87,942.7,363545.0,943.6714,16121
RIO,2024-03-31,64.33,64.68,64.08,64.18,2363575.0,64.2571,29834
RIO,2024-04-01,65.0,65.34,64.61,65.09,3300435.0,64.9398,38712
RIO,2024-04-02,64.46,64.8,63.72,64.6,5273669.0,64.3453,56604
RIO,2024-04-03,65.26,65.26,63.29,63.3,3151945.0,64.2455,39859
RIO,2024-04-04,62.92,63.11,62.615,63.0,3896851.0,62.9464,37384
RTX,2024-03-31,97.46,98.165,97.14,97.76,9504452.0,97.7199,60909
RTX,2024-04-01,97.76,98.7,97.5776,98.55,6759573.0,98.3886,73301
RTX,2024-04-02,97.27,98.06,97.03,97.55,14050302.0,97.5584,79570
RTX,2024-04-03,98.28,99.335,97.9,99.31,13373158.0,99.0036,83309
RTX,2024-04-04,99.45,101.75,99.45,101.69,10216540.0,101.0276,96804
RY,2024-03-31,100.88,101.0,99.83,100.3,566291.0,100.2631,5905
RY,2024-04-01,99.9,100.0,99.24,99.61,1757129.0,99.599,9000
RY,2024-04-02,99.49,100.72,99.36,100.26,1741516.0,100.298,9388
RY,2024-04-03,101.11,102.32,100.51,100.98,2542805.0,101.0844,12152
RY,2024-04-04,101.0,102.54,100.7,102.34,784681.0,102.018,12390
SAP,2024-03-31,196.37,197.02,195.375,196.03,554245.0,195.9569,12872
SAP,2024-04-01,192.33,192.55,190.33,192.12,644920.0,191.4393,16824
SAP,2024-04-02,190.96,193.58,190.87,193.24,870007.0,192.8882,21226
SAP,2024-04-03,193.22,194.02,191.03,191.03,1249411.0,192.2215,22578
SAP,2024-04-04,191.41,193.23,190.95,191.82,639292.0,192.1768,15237
SBUX,2024-03-31,91.82,92.07,91.02,91.53,4990156.0,91.4251,101916
SBUX,2024-04-01,91.11,91.24,89.23,89.3,8276754.0,89.6966,128319
SBUX,2024-04-02,89.6,89.84,88.65,88.7,6316375.0,89.158,107797
SBUX,2024-04-03,89.13,89.34,87.61,87.62,8057591.0,88.3298,115272
SBUX,2024-04-04,87.9,87.93,86.83,86.85,7161442.0,87.1715,121986
SCHW,2024-03-31,72.29,72.63,71.85,72.37,4070802.0,72.258,48705
SCHW,2024-04-01,72.0,72.16,70.97,71.46,5373777.0,71.4061,56451
SCHW,2024-04-02,71.43,72.24,71.28,71.42,5296040.0,71.5846,52465
SCHW,2024-04-03,72.23,72.97,71.08,71.35,7855327.0,71.9635,73611
SCHW,2024-04-04,71.48,72.125,71.21,71.89,4255194.0,71.7602,50930
SHEL,2024-03-31,67.04,68.01,66.591,67.92,3104385.0,67.6136,32368
SHEL,2024-04-01,68.63,69.78,68.535,69.76,8048802.0,69.1986,53855
SHEL,2024-04-02,69.44,70.12,69.27,70.09,6214206.0,69.8399,46229
SHEL,2024-04-03,70.49,70.67,69.99,70.25,5377096.0,70.3683,49988
SHEL,2024-04-04,70.49,71.41,69.84,71.29,4968577.0,70.8841,50362
SHOP,2024-04-02,78.28,79.29,75.13,75.64,9874103.0,77.0122,87534
SHOP,2024-04-03,75.61,77.07,74.56,74.81,8520237.0,75.7534,84150
SHOP,2024-04-04,74.6,75.9916,73.69,75.28,6588203.0,75.2323,59776
SMRT,2024-04-02,2.59,2.645,2.55,2.6,3143493.0,2.6025,11046
SMRT,2024-04-03,2.65,2.69,2.56,2.56,1549813.0,2.6045,6683
SMRT,2024-04-04,2.56,2.6,2.5317,2.56,1124772.0,2.5681,7119
SNOW,2024-04-02,155.15,155.3,152.53,153.02,6147013.0,153.5915,98884
SNOW,2024-04-03,153.11,156.0,150.62,151.34,6249543.0,153.1731,85302
SNOW,2024-04-04,152.48,155.55,152.17,153.86,5120008.0,153.92,65888
SNY,2024-03-31,49.07,49.07,48.01,48.29,1297716.0,48.3072,16208
SNY,2024-04-01,48.21,48.22,47.68,47.7,1305784.0,47.8563,15433
SNY,2024-04-02,48.0,48.25,47.78,47.96,1362631.0,47.9895,15867
SNY,2024-04-03,48.67,48.67,47.795,47.8,1757527.0,48.2758,20050
SNY,2024-04-04,46.94,47.375,46.89,47.25,1289898.0,47.1804,16697
SO,2024-04-02,71.44,71.71,70.8,70.98,3798424.0,71.0745,35486
SO,2024-04-03,70.98,71.37,69.66,70.05,6240921.0,70.2214,58399
SO,2024-04-04,69.55,70.16,69.1583,69.91,5302559.0,69.7969,44820
SONY,2024-03-31,86.0,86.34,85.79,86.17,398028.0,86.0255,12999
SONY,2024-04-01,85.5,85.5,84.67,85.33,540979.0,85.0732,15025
SONY,2024-04-02,85.43,86.19,85.4066,85.77,940001.0,85.8654,17178
SONY,2024-04-03,86.09,86.1,84.52,84.55,607748.0,85.2097,15795
SONY,2024-04-04,84.5,85.2,84.29,84.82,411298.0,84.8761,10280
SPGI,2024-03-31,429.09,431.16,426.86,427.09,1682336.0,427.93,36938
SPGI,2024-04-01,426.58,427.2,422.6806,426.11,1409100.0,424.9648,36759
SPGI,2024-04-02,424.93,426.95,424.215,426.46,1027052.0,425.9813,28043
SPGI,2024-04-03,429.12,437.39,427.22,428.42,1588409.0,431.4794,42443
SPGI,2024-04-04,428.33,432.11,424.025,431.59,1158022.0,429.8163,32611
SPOT,2024-04-02,285.04,293.0,279.0,291.77,4623249.0,287.1229,71078
SPOT,2024-04-03,293.0,304.0,292.75,295.96,3554016.0,298.5411,62338
SPOT,2024-04-04,298.68,313.068,298.68,310.31,2988374.0,309.5677,59146
SUI,2024-03-31,128.28,128.4,124.98,125.44,583354.0,125.6495,13132
SUI,2024-04-01,123.89,125.31,122.88,123.3,806396.0,123.4892,13076
SUI,2024-04-02,122.82,124.0,121.82,122.8,543853.0,123.0674,10564
SUI,2024-04-03,123.81,124.94,122.27,122.91,484889.0,123.3491,9968
SUI,2024-04-04,122.25,123.7,122.03,122.93,412557.0,122.7174,8678
SYK,2024-03-31,357.03,357.15,353.39,354.67,760827.0,354.8057,21068
SYK,2024-04-01,352.29,353.85,348.45,349.38,997013.0,349.8873,27609
SYK,2024-04-02,350.86,354.88,350.22,351.0,905918.0,351.9624,25579
SYK,2024-04-03,354.23,354.59,346.8301,347.38,888870.0,349.1872,24796
SYK,2024-04-04,348.48,351.67,348.19,351.02,686625.0,350.4244,20693
T,2024-03-31,17.19,17.535,17.15,17.5,31980058.0,17.377,122851
T,2024-04-01,17.48,17.695,17.48,17.52,40169511.0,17.5505,102009
T,2024-04-02,17.59,17.71,17.49,17.61,38155914.0,17.5641,107304
T,2024-04-03,17.62,17.88,17.56,17.57,31850269.0,17.6801,103323
T,2024-04-04,17.52,17.54,17.28,17.42,37768986.0,17.4375,102182
TCOM,2024-03-31,44.73,47.64,44.71,46.96,5131681.0,46.8635,60423
TCOM,2024-04-01,47.66,49.215,47.66,48.91,6997049.0,48.7422,65737
TCOM,2024-04-02,48.52,49.62,48.27,49.38,4339032.0,49.2459,47584
TCOM,2024-04-03,49.48,49.72,47.843,47.99,3160581.0,48.4902,40583
TCOM,2024-04-04,48.47,48.47,47.65,48.14,2136548.0,47.9437,28705
TD,2024-03-31,60.36,60.47,59.87,60.24,1911409.0,60.1333,16234
TD,2024-04-01,60.08,60.16,59.19,59.38,1906775.0,59.5164,16039
TD,2024-04-02,59.34,60.15,59.29,59.61,1791760.0,59.7782,18331
TD,2024-04-03,60.14,60.55,59.58,59.82,5610245.0,60.0627,16250
TD,2024-04-04,59.66,59.67,58.88,59.32,4395712.0,59.1368,17428
TEAM,2024-04-02,194.79,197.55,194.685,195.24,1222526.0,195.9639,25425
TEAM,2024-04-03,197.52,199.22,192.29,192.32,1282077.0,195.516,24823
TEAM,2024-04-04,191.31,199.105,191.31,196.62,1185247.0,196.4129,25292
TJX,2024-03-31,101.05,101.16,99.36,99.7,3731319.0,99.8928,52899
TJX,2024-04-01,99.37,99.52,98.59,99.47,4350074.0,99.2513,51377
TJX,2024-04-02,99.41,99.71,97.15,97.28,5036200.0,97.8501,57508
TJX,2024-04-03,97.86,98.2544,95.575,95.75,5660753.0,96.2457,61993
TJX,2024-04-04,96.16,97.28,95.925,96.81,5866238.0,96.8174,59562
TM,2024-03-31,242.85,242.86,240.22,242.15,527985.0,241.9476,17978
TM,2024-04-01,239.0,240.2377,237.96,239.89,296550.0,239.636,13546
TM,2024-04-02,239.5,242.45,239.5,241.78,307482.0,241.6187,11152
TM,2024-04-03,243.2,243.6655,239.02,239.16,196284.0,241.5616,9359
TM,2024-04-04,239.0,241.83,238.58,240.74,191129.0,240.7033,8989
TMO,2024-03-31,581.05,581.53,572.84,577.45,837591.0,576.7771,27860
TMO,2024-04-01,570.75,572.39,565.78,571.56,1381269.0,570.8224,35523
TMO,2024-04-02,571.23,578.25,569.19,576.0,1151569.0,575.7546,31962
TMO,2024-04-03,580.41,582.0,568.57,570.61,1231899.0,574.142,29130
TMO,2024-04-04,570.22,583.84,569.06,579.46,1181253.0,580.0874,33242
TMUS,2024-03-31,163.22,163.295,161.6,162.67,3256792.0,162.4289,53028
TMUS,2024-04-01,161.92,162.38,161.19,162.08,4125053.0,161.8399,54122
TMUS,2024-04-02,161.9,163.405,161.53,163.26,3245851.0,162.685,51736
TMUS,2024-04-03,163.88,164.516,161.42,161.61,3331610.0,162.3904,48608
TMUS,2024-04-04,161.38,162.3201,160.3,161.11,3180581.0,161.3548,53813
TSLA,2024-03-31,176.17,176.75,170.21,175.22,81562127.0,173.203,1050223
TSLA,2024-04-01,164.75,167.69,163.43,166.63,116639094.0,165.7981,1474890
TSLA,2024-04-02,164.02,168.82,163.28,168.38,82890791.0,166.8987,955106
TSLA,2024-04-03,170.07,177.19,168.01,171.11,123127860.0,172.8346,1243816
TSLA,2024-04-04,169.08,170.86,160.51,164.9,142987603.0,166.433,1549577
TSM,2024-03-31,137.29,142.96,137.05,141.49,14222662.0,141.1286,188545
TSM,2024-04-01,140.38,141.04,139.35,140.22,9869172.0,140.3008,147920
TSM,2024-04-02,138.58,142.93,138.39,142.0,9707518.0,141.3139,148236
TSM,2024-04-03,144.0,146.75,139.43,139.66,15614510.0,142.8791,190221
TSM,2024-04-04,140.0,142.0,138.92,141.36,8263641.0,140.7309,126347
TTE,2024-03-31,69.28,69.81,68.65,69.74,943377.0,69.5184,11593
TTE,2024-04-01,70.74,71.7,70.46,71.7,3379227.0,70.9395,17301
TTE,2024-04-02,71.79,72.34,71.54,72.2,1091784.0,72.0563,13456
TTE,2024-04-03,72.86,72.97,72.41,72.56,1098675.0,72.7368,15104
TTE,2024-04-04,72.64,72.91,72.17,72.87,950619.0,72.6367,14553
TXN,2024-03-31,174.12,175.91,172.855,173.17,2303229.0,173.5934,51633
TXN,2024-04-01,172.35,172.35,169.601,170.36,3304454.0,170.5342,61408
TXN,2024-04-02,169.58,170.89,167.89,170.34,3295848.0,170.076,60251
TXN,2024-04-03,171.77,173.0,168.1,168.53,7491331.0,170.5767,84260
TXN,2024-04-04,168.57,169.25,167.14,167.5,5012314.0,167.86,83945
UBER,2024-03-31,77.0,77.78,76.0,76.4,12201773.0,76.5659,110420
UBER,2024-04-01,75.66,77.33,74.97,76.98,15838768.0,76.6597,135822
UBER,2024-04-02,76.84,78.85,76.54,76.81,19883084.0,77.6982,172702
UBER,2024-04-03,77.24,77.67,74.48,74.92,17191332.0,76.1262,140767
UBER,2024-04-04,75.34,78.395,74.92,77.16,21563626.0,77.347,176268
UBS,2024-03-31,30.79,30.82,30.405,30.48,1691364.0,30.5417,15815
UBS,2024-04-01,30.45,30.64,30.355,30.5,2189817.0,30.5125,14498
UBS,2024-04-02,30.57,31.17,30.54,31.13,2160443.0,30.9887,15786
UBS,2024-04-03,31.42,31.69,30.995,31.05,2494612.0,31.3299,17696
UBS,2024-04-04,30.9,31.42,30.89,31.27,2397594.0,31.2054,19300
UL,2024-03-31,49.98,50.12,49.59,49.85,1200970.0,49.7891,12961
UL,2024-04-01,49.47,49.54,49.295,49.35,2660507.0,49.3989,18219
UL,2024-04-02,49.32,49.34,48.87,48.9,2054956.0,48.9861,21117
UL,2024-04-03,49.14,49.205,48.65,48.72,2085179.0,48.9303,21260
UL,2024-04-04,48.48,48.5,48.245,48.44,2242539.0,48.3868,19833
UNH,2024-03-31,494.47,495.78,488.7,489.7,2928707.0,488.3485,72062
UNH,2024-04-01,459.6,463.68,449.6,458.14,11864768.0,456.3981,231714
UNH,2024-04-02,462.0,462.85,455.55,459.74,4460400.0,459.9556,101334
UNH,2024-04-03,460.82,461.72,451.92,455.38,5182046.0,457.1188,110695
UNH,2024-04-04,450.685,457.75,450.01,455.74,5747375.0,455.4188,121755
UNP,2024-03-31,245.5,245.95,242.63,243.3,2493861.0,243.3335,43693
UNP,2024-04-01,242.27,243.88,240.8701,242.53,2019453.0,242.4737,35555
UNP,2024-04-02,242.87,245.0,240.8,241.55,2097225.0,242.2227,39026
UNP,2024-04-03,243.27,244.9338,239.755,240.69,2062525.0,241.9171,36605
UNP,2024-04-04,241.57,242.81,240.72,242.01,1503722.0,241.8767,33242
UPS,2024-03-31,149.14,149.97,146.315,147.62,5421924.0,147.5707,83933
UPS,2024-04-01,147.66,151.0,147.43,149.15,4935004.0,149.336,69359
UPS,2024-04-02,150.79,152.36,149.2,152.27,4314189.0,151.4861,64673
UPS,2024-04-03,153.3,154.29,149.525,150.0,3689090.0,151.7962,65058
UPS,2024-04-04,149.69,151.71,148.18,151.36,3374041.0,150.4799,57487
USB,2024-04-02,43.23,43.77,43.01,43.11,5866409.0,43.291,54181
USB,2024-04-03,43.57,44.03,42.725,42.92,6491396.0,43.3175,64863
USB,2024-04-04,42.75,43.295,42.66,43.03,4580870.0,43.0202,52137
V,2024-03-31,280.36,280.89,276.79,278.28,5083986.0,278.1083,82200
V,2024-04-01,278.0,279.33,276.98,278.44,6912306.0,278.3492,93025
V,2024-04-02,280.48,280.48,276.56,276.96,4536847.0,277.5455,72833
V,2024-04-03,278.36,279.085,273.56,274.0,4018551.0,275.9863,81423
V,2024-04-04,276.1,277.957,275.03,277.14,4392050.0,276.8549,79353
VEEV,2024-03-31,231.13,232.045,229.24,230.39,542818.0,230.2694,13359
VEEV,2024-04-01,213.12,219.23,212.3,216.41,1976094.0,216.8877,34572
VEEV,2024-04-02,216.64,219.205,216.48,217.13,1155814.0,217.6971,23867
VEEV,2024-04-03,218.72,219.5,214.62,214.74,911199.0,216.9392,19880
VEEV,2024-04-04,214.68,217.478,214.16,214.73,890856.0,215.5344,19499
VRTX,2024-03-31,420.43,421.45,414.74,420.48,767752.0,418.6605,24733
VRTX,2024-04-01,419.0,420.87,406.73,409.42,974829.0,409.9408,29197
VRTX,2024-04-02,409.45,414.955,408.2461,408.81,728985.0,410.3061,22011
VRTX,2024-04-03,412.64,412.64,403.15,404.01,957469.0,406.8572,27078
VRTX,2024-04-04,404.29,409.93,400.83,406.67,695728.0,406.7891,23250
VZ,2024-03-31,41.99,42.34,41.525,42.28,15031569.0,42.0456,94183
VZ,2024-04-01,42.3,42.675,42.26,42.54,17260824.0,42.4542,102843
VZ,2024-04-02,42.58,42.9,42.53,42.84,18211835.0,42.7496,94901
VZ,2024-04-03,42.99,43.42,42.44,42.45,16461398.0,42.8067,102649
VZ,2024-04-04,42.25,42.435,41.61,42.12,14338679.0,42.1101,96088
WELL,2024-04-02,91.2,91.87,90.655,91.27,1974786.0,91.3103,23415
WELL,2024-04-03,92.12,92.44,90.11,90.44,1787420.0,90.8524,23147
WELL,2024-04-04,90.44,92.02,90.44,91.76,1728129.0,91.5454,22822
WFC,2024-03-31,57.88,57.88,57.26,57.61,11039467.0,57.595,89971
WFC,2024-04-01,57.36,58.0,57.19,57.35,14632878.0,57.4785,108255
WFC,2024-04-02,57.2,57.96,56.85,57.13,13226477.0,57.2882,110122
WFC,2024-04-03,57.73,58.0,56.54,56.68,12361915.0,57.2436,106603
WFC,2024-04-04,56.63,57.62,56.57,57.4,11000468.0,57.2396,94010
WMT,2024-03-31,60.31,60.76,59.93,60.0,13837599.0,60.2007,118439
WMT,2024-04-01,59.9,60.1,58.88,59.16,19510121.0,59.1938,141407
WMT,2024-04-02,59.38,59.5,58.94,59.43,14615103.0,59.2676,110362
WMT,2024-04-03,59.54,59.81,59.29,59.5,14436126.0,59.5292,117293
WMT,2024-04-04,59.55,60.04,59.49,59.85,10328109.0,59.7924,92341
XOM,2024-03-31,116.41,117.24,115.38,116.99,13816996.0,116.7269,132833
XOM,2024-04-01,117.92,119.6,117.33,119.28,19889143.0,118.8293,188443
XOM,2024-04-02,119.48,119.7479,118.73,119.3,16504307.0,119.3103,145586
XOM,2024-04-03,119.05,119.88,118.64,119.72,18467362.0,119.4563,161782
XOM,2024-04-04,119.98,122.15,119.64,121.37,21720591.0,121.0538,196956
