ticker,date,open,high,low,close,volume,volume_weight,number_of_transactions
NVDA,2024-03-21 03:00:00,916.09,916.09,914.49,915,6064,914.9532,325
NVDA,2024-03-21 03:01:00,915.77,916.85,915.77,915.84,5564,916.3045,246
NVDA,2024-03-21 03:02:00,915.6,915.6,914.8,914.8,2459,915.0518,162
NVDA,2024-03-21 03:04:00,915.5,915.5,915,915,5756,914.9581,152
NVDA,2024-03-21 03:05:00,914.15,914.15,912,912,6843,912.8429,411
NVDA,2024-03-21 03:06:00,911.67,913,911,913,5494,911.9576,168
NVDA,2024-03-21 03:07:00,912.8,914,912.8,914,2839,913.3246,111
NVDA,2024-03-21 03:09:00,914.28,914.28,913.91,913.91,1737,914.0989,101
NVDA,2024-03-21 03:10:00,913.5,913.5,913.5,913.5,1937,913.6727,115
NVDA,2024-03-21 03:11:00,913.5,913.5,913,913,2800,912.8148,131
NVDA,2024-03-21 03:12:00,912.5,912.5,911.56,912,4074,912.0804,158
NVDA,2024-03-21 03:13:00,911.6,912.34,911.03,912.34,3987,911.7626,177
NVDA,2024-03-21 03:14:00,912.84,913.03,912.12,913,2827,912.7861,78
NVDA,2024-03-21 03:16:00,912.72,913,912.72,913,1886,912.9957,84
NVDA,2024-03-21 03:17:00,913.28,913.28,913,913,972,913.2163,51
NVDA,2024-03-21 03:18:00,913.54,913.77,913.48,913.77,2527,913.5423,101
NVDA,2024-03-21 03:21:00,913.85,914,913.8,913.8,2085,913.8345,79
NVDA,2024-03-21 03:22:00,913.82,913.82,913.82,913.82,1020,913.8149,70
NVDA,2024-03-21 03:23:00,913.9,913.9,913.2,913.2,3800,913.6001,97
NVDA,2024-03-21 03:24:00,913.26,913.29,912.97,913.02,4979,913.1557,141
NVDA,2024-03-21 03:25:00,913.45,913.5,913.22,913.22,1501,913.3237,89
NVDA,2024-03-21 03:26:00,913.53,913.53,913.3,913.4,1377,913.3539,63
NVDA,2024-03-21 03:27:00,913.4,913.69,913.4,913.69,1723,913.5649,53
NVDA,2024-03-21 03:29:00,913.5,913.73,913.5,913.73,803,913.6524,45
NVDA,2024-03-21 03:30:00,913.5,913.5,912.72,912.72,5238,913.2032,100
NVDA,2024-03-21 03:31:00,913.49,913.5,913.49,913.5,884,913.4117,40
NVDA,2024-03-21 03:32:00,913.3,913.3,913.3,913.3,762,913.423,39
NVDA,2024-03-21 03:33:00,913,913,912.73,912.99,1715,912.9037,57
NVDA,2024-03-21 03:34:00,913.7,913.7,913.5,913.5,1007,913.5399,40
NVDA,2024-03-21 03:35:00,913.94,914,913.94,914,2163,913.9228,77
NVDA,2024-03-21 03:37:00,914,914,914,914,1043,913.9439,33
NVDA,2024-03-21 03:38:00,913.94,913.94,913.94,913.94,498,914.0809,35
NVDA,2024-03-21 03:39:00,914.04,914.04,914,914,922,913.9807,49
NVDA,2024-03-21 03:40:00,913.87,913.87,913.87,913.87,890,913.8325,41
NVDA,2024-03-21 03:41:00,913.75,913.75,913.45,913.45,1962,913.6814,71
NVDA,2024-03-21 03:43:00,913.3,913.38,913.05,913.05,5372,913.2814,87
NVDA,2024-03-21 03:45:00,913.47,913.47,913.47,913.47,817,913.6588,34
NVDA,2024-03-21 03:46:00,913.84,913.84,913.82,913.83,729,913.8568,27
NVDA,2024-03-21 03:49:00,913.79,913.79,913.79,913.79,666,913.7671,42
NVDA,2024-03-21 03:51:00,913.79,913.79,913.66,913.66,1460,913.7836,49
NVDA,2024-03-21 03:52:00,913.58,913.9,913.58,913.9,941,913.7277,39
NVDA,2024-03-21 03:53:00,913.68,913.9,913.6,913.9,1622,913.6348,81
NVDA,2024-03-21 03:57:00,913.6,915,913.6,915,4236,914.4919,186
NVDA,2024-03-21 03:58:00,915,915,915,915,1526,915.0584,63
NVDA,2024-03-21 03:59:00,915,915,915,915,2258,914.9983,55
NVDA,2024-03-21 04:00:00,915.44,915.5,915.44,915.5,2171,915.3798,76
NVDA,2024-03-21 04:01:00,915.54,916,915.12,915.12,5937,915.6805,196
NVDA,2024-03-21 04:02:00,915.16,915.5,915.16,915.5,2835,915.3637,72
NVDA,2024-03-21 04:04:00,915.16,915.16,915,915,1413,915.1278,63
NVDA,2024-03-21 04:05:00,914.5,914.59,914.5,914.59,1903,914.4392,72
NVDA,2024-03-21 04:06:00,913.83,913.83,913.83,913.83,2269,913.8177,94
NVDA,2024-03-21 04:07:00,914,914.05,914,914.05,1897,913.9524,59
NVDA,2024-03-21 04:08:00,913.8,913.8,913.7,913.7,2284,913.8056,52
NVDA,2024-03-21 04:09:00,913.44,913.44,913.26,913.26,3604,913.3282,82
NVDA,2024-03-21 04:11:00,913.3,913.3,913.3,913.3,698,913.3675,33
NVDA,2024-03-21 04:13:00,913.12,913.12,913.12,913.12,559,913.2026,41
NVDA,2024-03-21 04:14:00,913.1,913.1,912.62,912.62,6279,912.9135,231
NVDA,2024-03-21 04:15:00,912.3,912.3,912.3,912.3,1335,912.4292,71
NVDA,2024-03-21 04:16:00,912.35,912.35,912.35,912.35,760,912.4974,51
NVDA,2024-03-21 04:17:00,913,913,913,913,584,912.9851,35
NVDA,2024-03-21 04:18:00,913.01,913.01,913.01,913.01,416,913.1356,23
NVDA,2024-03-21 04:19:00,913.1,913.1,913.1,913.1,574,913.2003,39
NVDA,2024-03-21 04:20:00,913.33,913.5,913.33,913.5,1719,913.4144,40
NVDA,2024-03-21 04:21:00,913.65,913.65,913.5,913.5,2562,913.5127,38
NVDA,2024-03-21 04:22:00,913.48,913.48,913.48,913.48,1022,913.4561,44
NVDA,2024-03-21 04:23:00,913.4,913.46,913.4,913.46,972,913.4284,41
NVDA,2024-03-21 04:28:00,913.75,913.75,913.75,913.75,683,913.8374,27
NVDA,2024-03-21 04:31:00,913.9,914.05,913.9,914.05,1691,913.8688,68
NVDA,2024-03-21 04:38:00,914.75,914.75,914.75,914.75,1501,914.7145,49
NVDA,2024-03-21 04:39:00,914.5,914.5,914.5,914.5,602,914.5731,31
NVDA,2024-03-21 04:42:00,914.94,915,914.94,915,1058,914.9721,61
NVDA,2024-03-21 04:43:00,914.98,914.98,914.98,914.98,875,915.0195,48
NVDA,2024-03-21 04:44:00,914.99,914.99,914.99,914.99,462,914.9483,28
NVDA,2024-03-21 04:46:00,915,915,915,915,857,915.0352,47
NVDA,2024-03-21 04:47:00,914.3,914.3,914.3,914.3,1460,914.4573,76
NVDA,2024-03-21 04:49:00,914,914,913.83,913.83,831,913.882,34
NVDA,2024-03-21 04:52:00,913.83,913.83,913.83,913.83,740,913.8422,20
NVDA,2024-03-21 04:53:00,913.95,913.95,913.95,913.95,450,913.932,20
NVDA,2024-03-21 04:54:00,914,914,914,914,400,913.9703,24
NVDA,2024-03-21 04:55:00,914.1,914.1,914.1,914.1,429,914.1266,12
NVDA,2024-03-21 05:02:00,914.22,914.22,914.22,914.22,556,914.2937,29
NVDA,2024-03-21 05:07:00,914.1,914.1,913.8,914,1695,913.9409,64
NVDA,2024-03-21 05:08:00,913.89,913.89,913.89,913.89,479,913.9382,17
NVDA,2024-03-21 05:19:00,914.42,914.42,914.17,914.17,1493,914.4037,62
NVDA,2024-03-21 05:20:00,914.25,914.25,914.25,914.25,215,914.2978,18
NVDA,2024-03-21 05:30:00,914.5,915.25,914.5,915,4448,915.0014,159
NVDA,2024-03-21 05:32:00,915.5,916.59,915.5,916.29,4688,915.9786,170
NVDA,2024-03-21 05:35:00,915.99,915.99,915.99,915.99,1003,915.8545,50
NVDA,2024-03-21 05:36:00,915.99,915.99,915.14,915.14,1822,915.5934,63
NVDA,2024-03-21 05:37:00,915.02,915.02,915,915,1820,915.0434,50
NVDA,2024-03-21 05:38:00,915.44,915.56,915.44,915.56,3673,915.4416,76
NVDA,2024-03-21 05:39:00,915.71,915.71,915.71,915.71,552,915.6781,26
NVDA,2024-03-21 05:40:00,915.85,915.85,915.85,915.85,785,915.8279,44
NVDA,2024-03-21 05:41:00,916.15,916.2,916.15,916.2,1008,916.1118,52
NVDA,2024-03-21 05:42:00,916.5,916.5,916.5,916.5,673,916.3581,36
NVDA,2024-03-21 05:44:00,916,916.01,916,916.01,1788,915.9872,103
NVDA,2024-03-21 05:45:00,915.8,915.8,915.8,915.8,897,915.8148,38
NVDA,2024-03-21 05:46:00,915.65,915.65,915.65,915.65,1178,915.6659,39
NVDA,2024-03-21 05:47:00,915.6,915.6,915,915,3571,915.4857,102
NVDA,2024-03-21 05:48:00,914.5,915.3,914.5,915.3,2032,914.9527,58
NVDA,2024-03-21 05:50:00,915.2,915.2,914.7,914.7,1686,914.9978,50
NVDA,2024-03-21 05:51:00,914.5,915,914.5,915,511,914.7508,23
NVDA,2024-03-21 05:54:00,915,915,914.87,914.88,1102,914.9588,49
NVDA,2024-03-21 05:55:00,914.82,914.82,914.82,914.82,222,914.8807,14
NVDA,2024-03-21 05:56:00,915,915,914.89,914.89,1003,914.9203,52
NVDA,2024-03-21 05:57:00,914.7,914.7,914.7,914.7,550,914.7769,31
NVDA,2024-03-21 05:58:00,914.6,914.66,914.5,914.66,3062,914.5873,118
NVDA,2024-03-21 05:59:00,914.95,914.95,914.61,914.63,2276,914.7627,70
NVDA,2024-03-21 06:00:00,914.66,916.95,914.01,916.89,20773,915.3587,748
NVDA,2024-03-21 06:01:00,917,918.25,917,918.25,20353,917.6945,654
NVDA,2024-03-21 06:02:00,918.27,918.43,917.96,917.97,13751,918.1765,345
NVDA,2024-03-21 06:03:00,917.9,917.9,917.03,917.15,13198,917.4847,265
NVDA,2024-03-21 06:04:00,917.22,917.62,917.22,917.6,3912,917.5218,137
NVDA,2024-03-21 06:05:00,917.5,917.75,917.5,917.75,3956,917.6338,156
NVDA,2024-03-21 06:06:00,917.99,918.34,917.99,918.25,6860,918.1528,187
NVDA,2024-03-21 06:07:00,918,918,916.75,917.44,9876,917.5136,262
NVDA,2024-03-21 06:08:00,917.24,917.24,917.24,917.24,1439,917.5427,76
NVDA,2024-03-21 06:09:00,917.2,918,917.2,918,4797,917.6572,109
NVDA,2024-03-21 06:10:00,917.85,918,917.5,917.5,10185,917.7172,156
NVDA,2024-03-21 06:11:00,917.3,917.3,917.2,917.2,2630,917.291,87
NVDA,2024-03-21 06:12:00,917.25,917.25,917,917,3008,917.1387,114
NVDA,2024-03-21 06:13:00,916.82,917,916.82,917,2200,916.9049,86
NVDA,2024-03-21 06:14:00,916.72,917.2,916.65,917.2,4719,916.9114,124
NVDA,2024-03-21 06:15:00,917.5,917.58,917.3,917.3,3933,917.3885,142
NVDA,2024-03-21 06:16:00,917.55,917.55,917.55,917.55,1979,917.4806,84
NVDA,2024-03-21 06:17:00,917.789,917.85,917.56,917.8,3245,917.7465,81
NVDA,2024-03-21 06:18:00,917.8,918,917.8,918,3040,917.9803,142
NVDA,2024-03-21 06:19:00,918.01,918.88,918.01,918.88,7903,918.5201,235
NVDA,2024-03-21 06:20:00,919,919.23,918.85,919.23,14669,919.0405,388
NVDA,2024-03-21 06:21:00,919.28,919.66,918.98,919.38,8779,919.2451,263
NVDA,2024-03-21 06:22:00,919.5,919.5,919,919,8824,919.2591,222
NVDA,2024-03-21 06:23:00,918.85,918.85,918.33,918.5,5614,918.617,178
NVDA,2024-03-21 06:24:00,918.8,919.15,918.8,919.15,3289,919.0556,129
NVDA,2024-03-21 06:25:00,919.16,919.86,919.1,919.86,5887,919.5445,175
NVDA,2024-03-21 06:26:00,919.88,920.38,919.7,920.18,21832,920.0147,977
NVDA,2024-03-21 06:27:00,920.39,920.65,920.2,920.6,10444,920.4243,326
NVDA,2024-03-21 06:28:00,920.6,921.48,920.6,921.24,16370,921.1079,502
NVDA,2024-03-21 06:29:00,921.18,921.18,920.25,920.98,40261,920.6706,310
NVDA,2024-03-21 06:30:00,920.75,920.88,920.47,920.88,8132,920.6852,208
NVDA,2024-03-21 06:31:00,920.83,921.44,920.83,921.44,11292,921.175,349
NVDA,2024-03-21 06:32:00,921.5,921.5,920.7,921,14816,921.1035,345
NVDA,2024-03-21 06:33:00,921.16,921.16,920.26,920.62,19301,920.6434,429
NVDA,2024-03-21 06:34:00,920.62,920.62,920.23,920.23,3431,920.3812,106
NVDA,2024-03-21 06:35:00,920.55,920.75,920.55,920.75,3671,920.7035,131
NVDA,2024-03-21 06:36:00,920.42,921.64,920.42,921.64,36013,920.9795,514
NVDA,2024-03-21 06:37:00,921.74,922,921.74,921.99,10303,921.9362,359
NVDA,2024-03-21 06:38:00,921.95,923,921.95,922.8,15259,922.5466,464
NVDA,2024-03-21 06:39:00,922.87,923,922.5,923,10364,922.8488,385
NVDA,2024-03-21 06:40:00,923,923,922.39,922.39,13503,922.7905,393
NVDA,2024-03-21 06:41:00,922.21,922.4,922,922,6803,922.1815,303
NVDA,2024-03-21 06:42:00,921.83,922.2,921.83,922,10204,922.0103,282
NVDA,2024-03-21 06:43:00,921.82,921.82,921.33,921.51,9713,921.6767,273
NVDA,2024-03-21 06:44:00,921.36,921.51,921,921,7252,921.2456,238
NVDA,2024-03-21 06:45:00,921.16,921.79,921.16,921.66,7684,921.4239,232
NVDA,2024-03-21 06:46:00,921.81,921.81,921.81,921.81,2209,921.5645,171
NVDA,2024-03-21 06:47:00,921.5,921.74,921.5,921.7,2939,921.5949,127
NVDA,2024-03-21 06:48:00,921.84,921.92,921.7,921.8,5442,921.8099,145
NVDA,2024-03-21 06:49:00,921.99,922,920.76,920.86,16472,921.2081,406
NVDA,2024-03-21 06:50:00,921.21,921.21,920.48,920.48,3859,920.7336,177
NVDA,2024-03-21 06:51:00,920.5,920.64,920.3,920.61,5847,920.4811,132
NVDA,2024-03-21 06:52:00,920.66,921,920.66,921,2857,920.8649,125
NVDA,2024-03-21 06:53:00,921.2,921.2,921,921,3462,921.0489,212
NVDA,2024-03-21 06:54:00,921,921,920.96,920.96,949,920.9489,62
NVDA,2024-03-21 06:55:00,920.98,921.17,920.98,921.17,2140,921.0088,106
NVDA,2024-03-21 06:56:00,921.24,921.24,920.8,920.8,2611,921.0488,138
NVDA,2024-03-21 06:57:00,920.8,921,920.8,920.85,4595,920.8728,118
NVDA,2024-03-21 06:58:00,920.8,920.8,920.4,920.5,5273,920.5858,229
NVDA,2024-03-21 06:59:00,920.6,920.6,920.5,920.5,2348,920.5342,139
NVDA,2024-03-21 07:00:00,917.18,923,914.5,920.51,178700,919.5855,3916
NVDA,2024-03-21 07:01:00,920.61,920.85,913.4,920.51,11962,919.8418,1264
NVDA,2024-03-21 07:02:00,920.55,920.85,915.96,920.79,13166,917.5793,1265
NVDA,2024-03-21 07:03:00,914.09,920.7064,914.09,920.45,15512,918.7979,768
NVDA,2024-03-21 07:04:00,920.31,921.15,915.99,921,15859,920.035,686
NVDA,2024-03-21 07:05:00,920.7893,921.33,914.21,921.33,11378,919.1612,546
NVDA,2024-03-21 07:06:00,921.4,921.43,914,921.28,14799,918.578,904
NVDA,2024-03-21 07:07:00,921.36,922.1,921.29,921.91,18562,921.7822,511
NVDA,2024-03-21 07:08:00,921.98,922.3,921.98,922.25,8193,922.1415,301
NVDA,2024-03-21 07:09:00,922.29,922.29,921.28,921.85,14617,921.8594,498
NVDA,2024-03-21 07:10:00,921.72,921.8,921.5001,921.7,2997,921.6314,131
NVDA,2024-03-21 07:11:00,921.5929,921.7765,921.288,921.5,4943,921.5451,223
NVDA,2024-03-21 07:12:00,921.5,921.5,921.28,921.4,3874,921.3923,166
NVDA,2024-03-21 07:13:00,921.39,921.45,921.28,921.31,4141,921.3272,153
NVDA,2024-03-21 07:14:00,921.39,921.42,921.28,921.31,3361,921.339,137
NVDA,2024-03-21 07:15:00,921.4,921.6,921.33,921.55,4980,921.4442,157
NVDA,2024-03-21 07:16:00,921.6,921.74,921.6,921.74,3871,921.6415,143
NVDA,2024-03-21 07:17:00,921.7999,921.8,921.74,921.78,4719,921.7624,170
NVDA,2024-03-21 07:18:00,921.75,921.75,921.6,921.7,3233,921.6831,173
NVDA,2024-03-21 07:19:00,921.7499,921.92,921.6,921.92,4955,921.7492,164
NVDA,2024-03-21 07:20:00,921.94,922.2798,921.9,922,8168,922.0376,267
NVDA,2024-03-21 07:21:00,922.01,922.19,921.6,922,4762,921.9335,224
NVDA,2024-03-21 07:22:00,921.8232,922,921.6,921.97,2557,921.8283,126
NVDA,2024-03-21 07:23:00,921.9286,921.9286,921.28,921.31,7295,921.4851,262
NVDA,2024-03-21 07:24:00,921.4995,921.4995,921.28,921.43,4433,921.3384,194
NVDA,2024-03-21 07:25:00,921.4013,921.5,921.4013,921.4101,2578,921.4813,161
NVDA,2024-03-21 07:26:00,921.774,921.83,921.4,921.57,5340,921.5314,170
NVDA,2024-03-21 07:27:00,921.56,921.7,921.5,921.7,3357,921.5688,144
NVDA,2024-03-21 07:28:00,921.58,921.8,921.57,921.58,4975,921.6548,102
NVDA,2024-03-21 07:29:00,921.58,921.8,921.42,921.52,5897,921.5995,177
NVDA,2024-03-21 07:30:00,921.41,921.75,921.17,921.24,12299,921.37,284
NVDA,2024-03-21 07:31:00,921.4,921.4,920.34,920.34,17179,920.9618,419
NVDA,2024-03-21 07:32:00,920.79,922.15,920.41,921.88,27234,921.3219,662
NVDA,2024-03-21 07:33:00,922.15,922.15,921.88,922.106,9135,921.9699,251
NVDA,2024-03-21 07:34:00,921.88,922,921.88,921.88,4278,921.9279,266
NVDA,2024-03-21 07:35:00,921.92,921.92,921.21,921.21,3222,921.4689,170
NVDA,2024-03-21 07:36:00,921.2,921.86,921,921.86,9743,921.4574,346
NVDA,2024-03-21 07:37:00,921.78,921.85,921.13,921.8,10729,921.559,230
NVDA,2024-03-21 07:38:00,921.65,922.44,921.553,922.1,13933,922.052,389
NVDA,2024-03-21 07:39:00,922.37,922.9,922.03,922.5,17838,922.6063,444
NVDA,2024-03-21 07:40:00,922.5,922.87,922.42,922.87,15779,922.6319,416
NVDA,2024-03-21 07:41:00,922.752,922.97,921.5,921.62,17452,922.4058,502
NVDA,2024-03-21 07:42:00,921.71,922.52,921.71,922.52,5544,922.2311,195
NVDA,2024-03-21 07:43:00,922.6,922.6,922.02,922.04,6507,922.3924,261
NVDA,2024-03-21 07:44:00,922.02,922.1,921.7,922,9096,921.9952,314
NVDA,2024-03-21 07:45:00,922.05,922.1,921.95,922.1,7682,921.999,218
NVDA,2024-03-21 07:46:00,922.15,922.15,922.01,922.13,4479,922.1344,229
NVDA,2024-03-21 07:47:00,922.21,922.3,921.79,921.79,9473,922.1513,326
NVDA,2024-03-21 07:48:00,922.09,922.09,921.67,921.99,5661,921.8664,192
NVDA,2024-03-21 07:49:00,921.78,922.75,921.78,922.74,15607,922.3241,534
NVDA,2024-03-21 07:50:00,922.66,922.7,922.5411,922.675,5031,922.653,200
NVDA,2024-03-21 07:51:00,922.7,922.89,922.51,922.8,6413,922.7216,228
NVDA,2024-03-21 07:52:00,922.83,922.98,922.5,922.7,9707,922.6731,312
NVDA,2024-03-21 07:53:00,922.7492,922.79,922.42,922.42,9869,922.5721,245
NVDA,2024-03-21 07:54:00,922.43,923,922.43,923,12395,922.8509,408
NVDA,2024-03-21 07:55:00,923,923.67,922.87,923.37,27503,923.2603,715
NVDA,2024-03-21 07:56:00,923.25,923.72,923.25,923.72,8800,923.4799,333
NVDA,2024-03-21 07:57:00,923.6508,924,923.5,923.71,18697,923.8545,515
NVDA,2024-03-21 07:58:00,923.65,923.71,922.77,923,9702,923.292,375
NVDA,2024-03-21 07:59:00,923,923.21,922.6187,922.98,6871,922.9549,245
NVDA,2024-03-21 08:00:00,923.25,923.5,923.0911,923.5,9270,923.3051,274
NVDA,2024-03-21 08:01:00,923.24,923.24,922.68,922.68,5753,922.8716,252
NVDA,2024-03-21 08:02:00,922.69,922.92,922.6,922.7,6244,922.6461,314
NVDA,2024-03-21 08:03:00,922.61,922.78,922.38,922.59,10012,922.4339,329
NVDA,2024-03-21 08:04:00,922.44,922.86,922.43,922.75,7911,922.5567,267
NVDA,2024-03-21 08:05:00,922.64,923.3,922.5775,923.3,8637,922.9351,306
NVDA,2024-03-21 08:06:00,923.4,923.4,922.8,922.8,7890,923.1469,234
NVDA,2024-03-21 08:07:00,922.93,922.99,922.68,922.68,7438,922.7748,265
NVDA,2024-03-21 08:08:00,922.6,922.68,922,922.02,20454,922.2432,536
NVDA,2024-03-21 08:09:00,922.31,922.3999,922.04,922.2,5658,922.2321,271
NVDA,2024-03-21 08:10:00,922.12,922.35,921.81,922.35,17114,921.9878,431
NVDA,2024-03-21 08:11:00,922.23,922.4,921.85,922,4715,922.1134,242
NVDA,2024-03-21 08:12:00,922.0151,922.19,921.96,922,4795,922.0128,243
NVDA,2024-03-21 08:13:00,922.1599,922.26,921.9751,922.26,8088,922.1469,242
NVDA,2024-03-21 08:14:00,922.29,922.29,921.81,922,12877,921.9982,363
NVDA,2024-03-21 08:15:00,922.02,922.19,922,922.1,5080,922.0774,210
NVDA,2024-03-21 08:16:00,922.1,922.239,922.01,922.1,6062,922.1316,215
NVDA,2024-03-21 08:17:00,922.12,922.2,922.0001,922.2,5223,922.0573,197
NVDA,2024-03-21 08:18:00,922.2,922.2,921.4,921.5,17402,921.9875,528
NVDA,2024-03-21 08:19:00,921.52,922.1991,921.517,922.01,5680,921.862,272
NVDA,2024-03-21 08:20:00,921.81,921.97,921,921.02,8737,921.4645,353
NVDA,2024-03-21 08:21:00,921.35,921.48,920.59,920.8666,14375,920.9533,408
NVDA,2024-03-21 08:22:00,920.65,921,920.62,920.81,6628,920.8321,331
NVDA,2024-03-21 08:23:00,920.85,920.99,920.5,920.5,13300,920.802,418
NVDA,2024-03-21 08:24:00,920.8,921.4772,920.5,921.3318,6649,921.0996,299
NVDA,2024-03-21 08:25:00,921,921.5,919.85,920.99,39302,920.4388,1136
NVDA,2024-03-21 08:26:00,920.79,921.69,920.75,921.54,15172,921.2221,467
NVDA,2024-03-21 08:27:00,921.69,922.7,921.61,922.2,16896,921.8944,547
NVDA,2024-03-21 08:28:00,922.2,923,922.2,922.8,22406,922.8661,729
NVDA,2024-03-21 08:29:00,923,923.45,922.91,922.91,15975,923.1113,499
NVDA,2024-03-21 08:30:00,923,923.78,919.02,920.9,1231264.0,921.9067,17367
NVDA,2024-03-21 08:31:00,920.61,926.48,918.92,923.67,727427,923.123,15026
NVDA,2024-03-21 08:32:00,923.41,924.04,921.5,921.796,241067,922.6717,5653
NVDA,2024-03-21 08:33:00,921.84,923,917.24,919.95,453794,919.8479,8391
NVDA,2024-03-21 08:34:00,919.95,920.65,912.36,914.4555,581418,917.3677,11497
NVDA,2024-03-21 08:35:00,914.215,917.46,914.1401,917.38,395143,915.4594,7039
NVDA,2024-03-21 08:36:00,917.24,917.4599,912.5944,914.28,352596,914.6697,6873
NVDA,2024-03-21 08:37:00,914.5284,915.98,913.11,915.4104,310207,914.6514,5759
NVDA,2024-03-21 08:38:00,915.22,918.57,913.7101,917.37,370314,916.3448,7080
NVDA,2024-03-21 08:39:00,917.0301,917.38,914.89,915.29,205831,916.1629,4784
NVDA,2024-03-21 08:40:00,915.41,917.9,914.49,916.21,258605,915.9732,5523
NVDA,2024-03-21 08:41:00,916.5,918.49,915,916.0618,249807,916.7036,4890
NVDA,2024-03-21 08:42:00,916,917,911.4,912.2169,340764,914.1028,6843
NVDA,2024-03-21 08:43:00,912.3301,912.7697,908.7401,910.9275,388873,910.3933,8443
NVDA,2024-03-21 08:44:00,910.81,911.11,909.54,910.59,238671,910.4006,4653
NVDA,2024-03-21 08:45:00,910.4,913.7299,910.4,913.412,258760,912.3057,5135
NVDA,2024-03-21 08:46:00,913.5312,913.9799,911.18,911.2,180156,912.8641,3766
NVDA,2024-03-21 08:47:00,911.4677,913.5,909.31,911.25,269372,911.11,5239
NVDA,2024-03-21 08:48:00,911.325,912,907.82,908.515,276421,909.4693,5548
NVDA,2024-03-21 08:49:00,908.5189,909.82,905.2,905.375,352868,907.3186,6889
NVDA,2024-03-21 08:50:00,905.49,908.8399,904.05,907.414,496007,906.4519,7784
NVDA,2024-03-21 08:51:00,907.9299,908.5937,906.5233,908.15,207323,907.8396,4042
NVDA,2024-03-21 08:52:00,908.15,909.45,908,908.3232,204693,908.6589,3739
NVDA,2024-03-21 08:53:00,908.435,909.9,907.96,908.61,217117,908.7708,4177
NVDA,2024-03-21 08:54:00,908.79,911.5399,908.2301,910.665,217667,910.1432,4188
NVDA,2024-03-21 08:55:00,910.8519,923.0359,910.37,911.145,175389,910.9731,3287
NVDA,2024-03-21 08:56:00,911.14,911.39,908.91,909.022,143741,910.1044,3047
NVDA,2024-03-21 08:57:00,908.91,909.89,907.6134,909.66,151212,908.6846,3122
NVDA,2024-03-21 08:58:00,909.68,910.79,908.83,910.445,127260,909.859,2512
NVDA,2024-03-21 08:59:00,910.29,910.565,909.2601,909.655,80728,909.8965,2075
NVDA,2024-03-21 09:00:00,909.46,909.655,906.66,907.58,184265,908.0227,3807
NVDA,2024-03-21 09:01:00,907.4482,911.2,906.83,910.564,210909,909.8806,3905
NVDA,2024-03-21 09:02:00,910.6591,912.76,910.5273,912.69,238486,912.1584,4592
NVDA,2024-03-21 09:03:00,912.47,913.6799,911.3866,913.65,193230,912.6426,4006
NVDA,2024-03-21 09:04:00,913.4909,913.68,912.09,912.11,128444,912.9077,2764
NVDA,2024-03-21 09:05:00,912.18,912.99,911.5,911.718,110951,912.1912,2600
NVDA,2024-03-21 09:06:00,911.53,912.23,910.41,912.11,155909,911.3086,2767
NVDA,2024-03-21 09:07:00,912,912.6,911.6,912.17,121681,912.1288,2632
NVDA,2024-03-21 09:08:00,912.0735,913.36,911.64,913.18,166693,912.6672,3062
NVDA,2024-03-21 09:09:00,913,914.3,912.98,913.5301,193395,913.7708,3864
NVDA,2024-03-21 09:10:00,913.494,913.96,911.11,911.9175,142008,912.1167,2967
NVDA,2024-03-21 09:11:00,911.815,912.8599,911.21,912.15,93892,912.0306,1912
NVDA,2024-03-21 09:12:00,912.28,913.75,911.9001,913.49,89187,912.9944,1889
NVDA,2024-03-21 09:13:00,913.5783,913.81,911.319,911.898,126196,912.5963,2568
NVDA,2024-03-21 09:14:00,911.8425,912.73,911.1,912.5999,121359,911.7541,3182
NVDA,2024-03-21 09:15:00,912.27,913.5599,912.0694,912.0818,121631,912.758,2364
NVDA,2024-03-21 09:16:00,912.2742,912.2742,910.54,911.549,118130,911.4718,2770
NVDA,2024-03-21 09:17:00,911.6165,911.7555,910.54,910.5874,90725,911.0844,2067
NVDA,2024-03-21 09:18:00,910.76,911.4699,910.32,911.135,128504,910.8781,2240
NVDA,2024-03-21 09:19:00,911.03,912.9199,911,912.6421,129712,911.893,2453
NVDA,2024-03-21 09:20:00,912.7499,913.7699,912.1,913.7699,131167,912.9586,2672
NVDA,2024-03-21 09:21:00,913.6461,914.34,913.1,913.7908,141431,913.8586,2611
NVDA,2024-03-21 09:22:00,913.88,915.72,913.5601,915.2854,243694,914.7195,5486
NVDA,2024-03-21 09:23:00,915.45,915.59,914.48,915.0605,175130,914.9869,4650
NVDA,2024-03-21 09:24:00,914.9,915.49,913.9,914.16,137610,914.7225,4330
NVDA,2024-03-21 09:25:00,914.0152,915,913.5,913.79,127379,914.2497,3474
NVDA,2024-03-21 09:26:00,913.68,914.5499,912.87,913.98,161186,913.7691,3198
NVDA,2024-03-21 09:27:00,913.888,914,913.17,913.47,64514,913.6235,2475
NVDA,2024-03-21 09:28:00,913.47,913.78,911.51,913.175,148659,912.4874,4171
NVDA,2024-03-21 09:29:00,912.7901,913.2,911.5,912,94424,912.3411,3416
NVDA,2024-03-21 09:30:00,911.9999,911.9999,906.85,908.8618,323540,909.2091,8318
NVDA,2024-03-21 09:31:00,909.03,910.25,907.98,909.724,199828,909.1687,5294
NVDA,2024-03-21 09:32:00,909.8127,910.3,909,910,125778,909.5887,3575
NVDA,2024-03-21 09:33:00,910.07,911.03,909.8901,910.71,106716,910.4985,2973
NVDA,2024-03-21 09:34:00,910.63,911.09,909.8,910.04,85481,910.5329,2473
NVDA,2024-03-21 09:35:00,910.02,911.2,909.8,910.7,108885,910.5119,2700
NVDA,2024-03-21 09:36:00,911,912.5199,910.34,911.95,120117,911.7228,2889
NVDA,2024-03-21 09:37:00,911.8913,912.43,911.41,911.435,92492,911.9565,2268
NVDA,2024-03-21 09:38:00,911.53,911.82,910.33,911.2208,86687,911.0317,2350
NVDA,2024-03-21 09:39:00,911.175,911.4699,910.39,910.5885,57193,910.9857,1742
NVDA,2024-03-21 09:40:00,910.5381,911.3699,909.79,911.06,120050,910.5291,2705
NVDA,2024-03-21 09:41:00,911.2264,912.32,909.8501,912.125,121715,910.8337,2889
NVDA,2024-03-21 09:42:00,912,913.13,911.83,913.075,141792,912.4113,2828
NVDA,2024-03-21 09:43:00,912.9955,913.44,912.58,913.245,104132,913.0346,2658
NVDA,2024-03-21 09:44:00,913.1,914.3,912.96,913.68,140293,913.6947,3294
NVDA,2024-03-21 09:45:00,913.83,913.94,912.3201,912.33,76780,912.8553,2405
NVDA,2024-03-21 09:46:00,912.402,914.6497,912.3149,914.4958,113731,913.559,2771
NVDA,2024-03-21 09:47:00,914.45,915.47,914.45,915.3744,183133,915.1056,4098
NVDA,2024-03-21 09:48:00,915.3379,917.5,915.33,917,264239,916.1393,5749
NVDA,2024-03-21 09:49:00,917.16,917.49,915.93,916.528,137726,916.658,3771
NVDA,2024-03-21 09:50:00,916.2796,916.53,915,915.38,103155,915.8841,3370
NVDA,2024-03-21 09:51:00,915.3471,916.28,915.1301,915.74,88682,915.7379,3191
NVDA,2024-03-21 09:52:00,915.935,915.935,914.61,915.582,70574,915.4572,3060
NVDA,2024-03-21 09:53:00,915.45,916.4,915.1101,916.22,69516,915.759,2866
NVDA,2024-03-21 09:54:00,916.4,916.9,916.1239,916.71,107929,916.6165,3445
NVDA,2024-03-21 09:55:00,916.5501,916.9,915.26,915.4453,81944,916.2018,2744
NVDA,2024-03-21 09:56:00,915.415,915.703,913.1901,914.055,166698,914.4059,3825
NVDA,2024-03-21 09:57:00,914.055,915.5,914,915.5,66657,914.78,2994
NVDA,2024-03-21 09:58:00,915.495,915.58,914.69,915.272,59616,915.2665,2799
NVDA,2024-03-21 09:59:00,915.4426,915.97,914.05,914.24,79515,915.0095,3029
NVDA,2024-03-21 10:00:00,914.48,916.9099,914.1529,916.7689,140926,915.8989,4090
NVDA,2024-03-21 10:01:00,916.6401,918.1425,916.6401,917.5,210707,917.7031,5280
NVDA,2024-03-21 10:02:00,917.662,918.01,916.81,917.635,98074,917.5245,3094
NVDA,2024-03-21 10:03:00,917.65,917.7487,915.6401,916.7668,92587,916.5995,2939
NVDA,2024-03-21 10:04:00,916.7,917,916.2566,916.2566,68478,916.6596,2254
NVDA,2024-03-21 10:05:00,916.63,916.63,914.5,915.1076,119301,915.3954,3320
NVDA,2024-03-21 10:06:00,915.23,915.8,914.6404,914.78,65303,915.118,2686
NVDA,2024-03-21 10:07:00,914.77,914.804,913.3,913.5,99568,913.9507,3652
NVDA,2024-03-21 10:08:00,913.65,914.4599,913.3,914.2,93728,913.9132,3192
NVDA,2024-03-21 10:09:00,914.1644,914.7599,913.8001,914,63918,914.316,2694
NVDA,2024-03-21 10:10:00,914.155,915.4801,913.82,915.1088,91032,914.8452,2591
NVDA,2024-03-21 10:11:00,915.01,915.2,914.2501,914.535,49925,914.7487,1897
NVDA,2024-03-21 10:12:00,914.535,916,914.52,915.822,80023,915.5906,2003
NVDA,2024-03-21 10:13:00,915.7104,916.05,915.23,915.695,55195,915.6424,1661
NVDA,2024-03-21 10:14:00,915.71,916.5,915.71,916.22,74077,916.2147,1999
NVDA,2024-03-21 10:15:00,916.2144,916.49,915.95,916.38,58318,916.2165,1821
NVDA,2024-03-21 10:16:00,916.33,917.37,916.3001,917.37,90692,916.8617,2462
NVDA,2024-03-21 10:17:00,917.2819,917.4,916.19,916.495,65293,916.7005,1972
NVDA,2024-03-21 10:18:00,916.38,916.712,915.07,915.68,88934,915.8061,2332
NVDA,2024-03-21 10:19:00,915.595,917.12,915.4319,916.992,68589,916.4909,1953
NVDA,2024-03-21 10:20:00,917.1399,917.88,916.8815,917.73,101399,917.4361,2499
NVDA,2024-03-21 10:21:00,917.79,917.94,917.09,917.2766,63594,917.6537,2119
NVDA,2024-03-21 10:22:00,917.15,918.44,917.13,917.88,154939,918.0365,3396
NVDA,2024-03-21 10:23:00,917.897,917.9999,917.23,917.7691,75334,917.6341,2244
NVDA,2024-03-21 10:24:00,917.72,919.2,917.71,919.1315,167778,918.5477,3893
NVDA,2024-03-21 10:25:00,919.16,919.5,918,919.145,157177,918.9978,2931
NVDA,2024-03-21 10:26:00,919.225,919.2799,918.25,918.6532,84249,918.8137,1991
NVDA,2024-03-21 10:27:00,918.6214,919.1999,918,919.1999,73736,918.5702,1695
NVDA,2024-03-21 10:28:00,919.1,919.53,918.89,919.5,116518,919.3379,2238
NVDA,2024-03-21 10:29:00,919.505,919.5299,918.94,919.26,63723,919.2848,1267
NVDA,2024-03-21 10:30:00,919.21,919.33,917.8049,919.2664,113428,918.5166,2336
NVDA,2024-03-21 10:31:00,919.26,919.38,918.22,918.57,57502,918.8169,1419
NVDA,2024-03-21 10:32:00,918.2601,919.2,918.22,919.015,63233,918.7537,1414
NVDA,2024-03-21 10:33:00,919.18,919.3,918.73,918.8,68861,919.0755,1475
NVDA,2024-03-21 10:34:00,918.86,919.37,918.07,918.2943,86318,918.7301,1742
NVDA,2024-03-21 10:35:00,918.4197,919.94,918.38,919.7885,144080,919.4227,2580
NVDA,2024-03-21 10:36:00,919.9107,920.49,919.2,920.3001,247893,919.9438,5526
NVDA,2024-03-21 10:37:00,920.0601,920.94,920.02,920.39,146927,920.5518,2834
NVDA,2024-03-21 10:38:00,920.278,921.94,920.15,921.8897,191004,921.2955,3567
NVDA,2024-03-21 10:39:00,921.91,922.81,921.6701,922.27,193331,922.1881,4092
NVDA,2024-03-21 10:40:00,922.0584,922.57,921.52,922.35,136835,922.1068,2740
NVDA,2024-03-21 10:41:00,922.4397,922.5,921.1005,921.92,114733,921.7619,2313
NVDA,2024-03-21 10:42:00,921.5865,922.3999,921.31,921.98,80713,921.9074,1817
NVDA,2024-03-21 10:43:00,921.84,922.89,921.69,922.7574,112987,922.2996,2359
NVDA,2024-03-21 10:44:00,922.8111,922.9399,922.16,922.215,93001,922.6354,1855
NVDA,2024-03-21 10:45:00,922.238,922.3282,921.35,921.76,89153,921.7925,1801
NVDA,2024-03-21 10:46:00,921.97,923,921.74,922.2388,102407,922.4766,2290
NVDA,2024-03-21 10:47:00,922.4519,922.69,922,922.38,46809,922.3796,1359
NVDA,2024-03-21 10:48:00,922.5,923.98,922.26,923.67,256339,923.417,4269
NVDA,2024-03-21 10:49:00,923.7918,924.93,923.4801,924.2,236278,924.3874,4216
NVDA,2024-03-21 10:50:00,924.05,924.8,923.8,924.6148,126933,924.3556,2737
NVDA,2024-03-21 10:51:00,924.67,924.93,923.5,924.26,142275,924.2664,2850
NVDA,2024-03-21 10:52:00,924.248,924.37,923.56,923.635,74150,923.955,1842
NVDA,2024-03-21 10:53:00,923.77,924,922.6022,923,144367,923.0751,2828
NVDA,2024-03-21 10:54:00,923,923.13,922,922.4371,138104,922.5626,2795
NVDA,2024-03-21 10:55:00,922.395,922.4,921.6251,922.003,87172,922.0183,2138
NVDA,2024-03-21 10:56:00,921.9,921.9999,921.04,921.62,94708,921.4635,2193
NVDA,2024-03-21 10:57:00,921.7365,922.09,921.27,921.7478,75093,921.7988,1940
NVDA,2024-03-21 10:58:00,921.77,922.42,921.34,921.5477,77083,921.9337,1884
NVDA,2024-03-21 10:59:00,921.6775,921.85,920.71,921.105,102212,921.1069,2359
NVDA,2024-03-21 11:00:00,921.176,921.5658,919.22,919.58,122190,920.415,2993
NVDA,2024-03-21 11:01:00,919.44,921.1789,919.27,921.045,126397,920.411,2397
NVDA,2024-03-21 11:02:00,921.045,922.02,920.8801,921.866,95746,921.5002,1998
NVDA,2024-03-21 11:03:00,921.87,922,921.15,921.2599,54515,921.5642,1415
NVDA,2024-03-21 11:04:00,921.2462,921.2462,920.36,921.015,85627,920.8706,1881
NVDA,2024-03-21 11:05:00,921.1699,921.1699,920.33,920.5112,57084,920.6437,1273
NVDA,2024-03-21 11:06:00,920.4156,921.03,920.17,920.8454,73199,920.6927,1491
NVDA,2024-03-21 11:07:00,920.77,921.19,920.3901,921.1625,75107,920.8036,1325
NVDA,2024-03-21 11:08:00,920.99,921.4,920.2,920.2535,77946,920.9263,1794
NVDA,2024-03-21 11:09:00,920.04,920.2299,918.55,919.008,133867,919.3981,2903
NVDA,2024-03-21 11:10:00,919,919.93,918.75,919.93,100498,919.1717,1836
NVDA,2024-03-21 11:11:00,919.6847,919.93,919.07,919.735,65900,919.5687,1506
NVDA,2024-03-21 11:12:00,919.69,920.9299,919.6001,920.694,77638,920.2107,1595
NVDA,2024-03-21 11:13:00,920.6967,920.9299,920.03,920.3,63406,920.6176,1246
NVDA,2024-03-21 11:14:00,920.34,921.4,920.0594,921.27,76887,920.7564,1619
NVDA,2024-03-21 11:15:00,921.4,922.4,921.0101,922.252,104319,921.7834,2152
NVDA,2024-03-21 11:16:00,922.0401,922.4,921.33,921.678,81558,921.9731,1599
NVDA,2024-03-21 11:17:00,921.64,921.74,920.85,921.3011,63474,921.2322,1510
NVDA,2024-03-21 11:18:00,921.22,921.67,921.07,921.24,44123,921.3984,917
NVDA,2024-03-21 11:19:00,921.2063,921.4999,920.7,920.77,52085,920.9748,1126
NVDA,2024-03-21 11:20:00,920.8713,921.84,920.75,921.5204,50522,921.3897,1266
NVDA,2024-03-21 11:21:00,921.62,922.065,920.8101,921.8,77563,921.6221,1568
NVDA,2024-03-21 11:22:00,921.93,922.77,921.5801,922.66,75246,922.3049,1630
NVDA,2024-03-21 11:23:00,922.77,922.77,921.9052,922.165,54909,922.3648,1374
NVDA,2024-03-21 11:24:00,922.0401,922.6,921.8,921.8,55090,922.2275,1266
NVDA,2024-03-21 11:25:00,921.75,922.21,921.1,921.31,45260,921.6723,1233
NVDA,2024-03-21 11:26:00,921.5,922.6599,921.12,922.57,86160,922.0153,1610
NVDA,2024-03-21 11:27:00,922.59,924.37,922.3027,924.17,230592,923.4845,3709
NVDA,2024-03-21 11:28:00,924.142,924.41,923.47,924.13,253463,924.1885,2263
NVDA,2024-03-21 11:29:00,924.05,924.12,923.17,923.4163,69027,923.6911,1528
NVDA,2024-03-21 11:30:00,923.56,924,923,923.5782,61957,923.5396,1397
NVDA,2024-03-21 11:31:00,923.7,924.34,923.3914,923.63,65965,923.9537,1557
NVDA,2024-03-21 11:32:00,923.6666,923.9399,923.17,923.48,47904,923.503,1143
NVDA,2024-03-21 11:33:00,923.475,923.5499,922.59,923.4,66315,923.0591,1422
NVDA,2024-03-21 11:34:00,923.31,924.08,922.95,923.745,113318,923.8876,1640
NVDA,2024-03-21 11:35:00,923.8,924.78,923.6,924.23,121522,924.3634,2575
NVDA,2024-03-21 11:36:00,924.3412,924.86,924.2,924.6796,87875,924.6232,1873
NVDA,2024-03-21 11:37:00,924.6101,924.62,923,923.54,104500,923.5292,2233
NVDA,2024-03-21 11:38:00,923.6411,924.06,923.2472,923.9801,57917,923.6242,1235
NVDA,2024-03-21 11:39:00,924,924.78,923.72,924.5525,88453,924.3813,1819
NVDA,2024-03-21 11:40:00,924.7999,924.96,924.18,924.69,90861,924.6951,2084
NVDA,2024-03-21 11:41:00,924.78,925.96,924.742,925.88,388642,925.1981,7460
NVDA,2024-03-21 11:42:00,925.82,926.2,921.6502,926.054,181273,925.9032,3689
NVDA,2024-03-21 11:43:00,926.075,926.2,924.61,925.7199,134602,925.3141,2461
NVDA,2024-03-21 11:44:00,925.4525,925.72,924.5,924.99,66384,925.1923,1650
NVDA,2024-03-21 11:45:00,924.93,925.5,923.3501,923.5901,108302,924.5744,2094
NVDA,2024-03-21 11:46:00,923.9,924.07,923.27,923.8022,76511,923.7271,1629
NVDA,2024-03-21 11:47:00,923.67,923.8577,922.5,923.32,102114,923.1011,2155
NVDA,2024-03-21 11:48:00,923.288,923.51,922.7501,922.91,64469,923.0774,1485
NVDA,2024-03-21 11:49:00,923,923.22,922.32,922.445,92254,922.8171,1730
NVDA,2024-03-21 11:50:00,922.45,923.74,922.45,922.8379,89222,923.0357,1809
NVDA,2024-03-21 11:51:00,922.7576,923.354,922.45,922.85,53701,922.8854,1311
NVDA,2024-03-21 11:52:00,922.94,923.19,922.6801,923.006,46595,922.9448,1115
NVDA,2024-03-21 11:53:00,923.17,924.1,923,923.68,80077,923.5863,1435
NVDA,2024-03-21 11:54:00,923.8,924.1999,923.5001,923.7129,39356,923.8064,1068
NVDA,2024-03-21 11:55:00,923.69,923.7299,922.7,922.95,46298,923.2578,1273
NVDA,2024-03-21 11:56:00,922.906,923.3062,922.68,923.1752,41515,922.9905,1050
NVDA,2024-03-21 11:57:00,923.165,923.5547,922.69,922.75,45588,923.0383,1100
NVDA,2024-03-21 11:58:00,922.887,923.3471,922.8,922.8966,38870,923.0611,943
NVDA,2024-03-21 11:59:00,922.8926,923.4,922.51,922.71,56518,922.9257,1178
NVDA,2024-03-21 12:00:00,922.65,923.1008,922.51,922.6738,31178,922.725,819
NVDA,2024-03-21 12:01:00,922.86,922.86,920.2,920.5,156419,921.2984,3223
NVDA,2024-03-21 12:02:00,920.59,920.87,919.54,920.715,122682,920.1932,2586
NVDA,2024-03-21 12:03:00,920.69,921.46,920.57,921.33,68827,921.0302,1414
NVDA,2024-03-21 12:04:00,921.368,922.3099,921.2,921.652,66778,921.8652,1507
NVDA,2024-03-21 12:05:00,921.62,921.73,921.0913,921.6,39830,921.427,1041
NVDA,2024-03-21 12:06:00,921.51,921.96,921.2301,921.8,31893,921.6257,822
NVDA,2024-03-21 12:07:00,921.9025,922,921.1201,921.34,36062,921.5053,933
NVDA,2024-03-21 12:08:00,921.48,921.84,921,921.17,36825,921.2296,992
NVDA,2024-03-21 12:09:00,921.1,921.1289,919.92,920.19,76699,920.4051,1575
NVDA,2024-03-21 12:10:00,920.22,921.5,920.22,921.35,79190,920.9064,1503
NVDA,2024-03-21 12:11:00,921.49,921.845,921.2704,921.45,50395,921.5977,981
NVDA,2024-03-21 12:12:00,921.65,921.65,920.64,920.7306,41934,921.1998,944
NVDA,2024-03-21 12:13:00,920.72,921.78,920.64,921.54,48068,921.0985,925
NVDA,2024-03-21 12:14:00,921.3,921.54,920.82,921.12,25521,921.1577,730
NVDA,2024-03-21 12:15:00,921.12,921.2299,920.26,920.7153,61711,920.6325,1351
NVDA,2024-03-21 12:16:00,920.5351,920.6499,919.65,920.396,95448,920.1338,1842
NVDA,2024-03-21 12:17:00,920.335,920.49,919.97,920.19,39117,920.2487,991
NVDA,2024-03-21 12:18:00,920.11,920.8304,920.11,920.755,47805,920.4342,1104
NVDA,2024-03-21 12:19:00,920.7625,920.84,919,919.372,96434,919.5671,2106
NVDA,2024-03-21 12:20:00,919.5,919.6,918.28,918.5988,99167,918.773,1993
NVDA,2024-03-21 12:21:00,918.69,919.72,918.5,919.305,76275,919.1102,1407
NVDA,2024-03-21 12:22:00,919.25,919.9999,919.1101,919.75,54132,919.5368,1050
NVDA,2024-03-21 12:23:00,919.9363,920.1899,919.15,919.39,109744,919.6213,1303
NVDA,2024-03-21 12:24:00,919.23,919.3499,918.6201,919.18,53995,918.9668,1132
NVDA,2024-03-21 12:25:00,919.18,920.5,918.81,920.31,69808,919.8701,1321
NVDA,2024-03-21 12:26:00,920.33,921.11,920.1076,920.9335,84255,920.6433,1539
NVDA,2024-03-21 12:27:00,921.0568,922.38,920.89,921.75,147571,921.9041,2538
NVDA,2024-03-21 12:28:00,921.64,922.0999,921.45,921.78,44692,921.7581,945
NVDA,2024-03-21 12:29:00,921.8,922.14,921.55,921.89,58561,921.8473,1152
NVDA,2024-03-21 12:30:00,921.78,921.8999,921.03,921.368,52328,921.4631,1443
NVDA,2024-03-21 12:31:00,921.4707,921.82,920.99,921.46,38274,921.3754,1052
NVDA,2024-03-21 12:32:00,921.5,922.55,921.44,922.3984,85516,922.151,1681
NVDA,2024-03-21 12:33:00,922.26,922.97,922.26,922.75,77893,922.6279,1657
NVDA,2024-03-21 12:34:00,922.53,923,921.1201,921.34,76739,922.1666,1528
NVDA,2024-03-21 12:35:00,921.36,921.9,921.18,921.52,42319,921.5183,1023
NVDA,2024-03-21 12:36:00,921.485,922.0294,921.26,921.93,44813,921.5767,1067
NVDA,2024-03-21 12:37:00,921.93,923.41,921.725,923.0001,86888,922.8153,1822
NVDA,2024-03-21 12:38:00,923.2,923.65,922.78,923.2,77089,923.2898,1548
NVDA,2024-03-21 12:39:00,923.02,923.41,922.51,923.09,45236,923.0654,1042
NVDA,2024-03-21 12:40:00,923.085,923.2899,922.45,922.57,25726,922.7321,762
NVDA,2024-03-21 12:41:00,922.7665,922.94,922.2378,922.55,41045,922.6087,895
NVDA,2024-03-21 12:42:00,922.75,923.41,922.09,923.3641,50470,922.6775,1224
NVDA,2024-03-21 12:43:00,923.255,923.7,923,923.5655,55743,923.3544,1240
NVDA,2024-03-21 12:44:00,923.56,923.9499,923.15,923.6447,52209,923.5893,1263
NVDA,2024-03-21 12:45:00,923.6,923.8969,923.0001,923.31,52469,923.5437,1132
NVDA,2024-03-21 12:46:00,923.456,923.5,922.44,923.1,52785,922.959,1112
NVDA,2024-03-21 12:47:00,923.1,923.1175,921.6612,922.145,53630,922.3428,1183
NVDA,2024-03-21 12:48:00,922.3099,922.3099,920.53,920.985,93138,921.3407,1729
NVDA,2024-03-21 12:49:00,920.985,921.51,920.58,921.23,57469,921.1394,1171
NVDA,2024-03-21 12:50:00,921.262,922.03,920.93,921.508,49962,921.4869,1152
NVDA,2024-03-21 12:51:00,921.4114,921.609,920.7201,921,42467,921.1342,968
NVDA,2024-03-21 12:52:00,921.2199,921.2199,920.23,920.32,57329,920.6102,1298
NVDA,2024-03-21 12:53:00,920.21,920.21,917.61,918.24,176813,919.0456,3704
NVDA,2024-03-21 12:54:00,918.27,918.3577,917.17,917.58,116075,917.7722,2234
NVDA,2024-03-21 12:55:00,917.576,917.86,915.7,916.1882,128789,916.4498,3127
NVDA,2024-03-21 12:56:00,916.015,917.3673,915.93,916.6999,96538,916.7529,1880
NVDA,2024-03-21 12:57:00,916.5108,917.4899,916.5108,916.6674,89551,916.9685,1536
NVDA,2024-03-21 12:58:00,916.6,916.9499,916.09,916.78,60087,916.5069,1269
NVDA,2024-03-21 12:59:00,916.77,917.09,916.32,916.885,60359,916.6994,1231
NVDA,2024-03-21 13:00:00,916.71,917.5,915.75,917.255,100027,916.5707,2089
NVDA,2024-03-21 13:01:00,917.402,917.7599,916.5,916.62,81573,917.1852,1527
NVDA,2024-03-21 13:02:00,916.7219,916.8314,914.33,915.2072,196437,915.2668,3633
NVDA,2024-03-21 13:03:00,915.18,916,915.01,915.93,66821,915.4907,1344
NVDA,2024-03-21 13:04:00,915.8148,916.2599,915.2101,915.785,45141,915.7797,1326
NVDA,2024-03-21 13:05:00,916,916.86,915.98,916.8542,72104,916.3912,1395
NVDA,2024-03-21 13:06:00,916.705,916.9199,915.341,915.4,65815,915.9934,1509
NVDA,2024-03-21 13:07:00,915.8099,916.01,914.8,914.94,57806,915.4855,1246
NVDA,2024-03-21 13:08:00,914.968,915.2499,913.68,913.704,140637,914.2478,2547
NVDA,2024-03-21 13:09:00,913.6925,913.78,912.23,912.3872,161376,912.9275,3446
NVDA,2024-03-21 13:10:00,912.24,913.4549,911.8,913,141229,912.6518,2892
NVDA,2024-03-21 13:11:00,913,914.0477,912.93,913.8521,85321,913.637,1794
NVDA,2024-03-21 13:12:00,913.91,914.53,913.0873,914.246,82156,913.937,1763
NVDA,2024-03-21 13:13:00,914.17,914.25,913,913.3099,49650,913.5142,1177
NVDA,2024-03-21 13:14:00,913.21,914.2499,912.97,913.83,63410,913.5923,1341
NVDA,2024-03-21 13:15:00,913.7175,914.5,913.5899,914.0229,56782,914.1279,1175
NVDA,2024-03-21 13:16:00,913.94,914.38,913.42,913.42,58256,913.9834,1296
NVDA,2024-03-21 13:17:00,913.605,914.28,913.37,914.08,51625,913.869,1182
NVDA,2024-03-21 13:18:00,914.09,914.95,913.39,914.782,72620,914.2128,1502
NVDA,2024-03-21 13:19:00,914.74,915.25,914.53,915.045,102519,914.9612,1720
NVDA,2024-03-21 13:20:00,915.045,915.88,914.95,915.68,80069,915.5233,1717
NVDA,2024-03-21 13:21:00,915.6,916.67,915.31,916.56,97850,916.1549,1995
NVDA,2024-03-21 13:22:00,916.73,916.83,915.6958,915.82,94393,916.2148,1466
NVDA,2024-03-21 13:23:00,915.8001,916.35,915.79,915.8242,45031,916.059,969
NVDA,2024-03-21 13:24:00,916.1999,916.1999,915.5601,915.895,30690,915.8113,742
NVDA,2024-03-21 13:25:00,915.9375,917.37,915.9375,917.32,115792,916.7042,2199
NVDA,2024-03-21 13:26:00,917.2766,917.5,916.64,917.33,76369,917.2111,1466
NVDA,2024-03-21 13:27:00,917.3986,917.5,916.65,916.91,59973,917.1251,1142
NVDA,2024-03-21 13:28:00,916.9069,917.4,916.7,917.38,53378,917.0796,1027
NVDA,2024-03-21 13:29:00,917.24,917.3923,916.31,916.9601,48130,916.871,1104
NVDA,2024-03-21 13:30:00,917.25,917.25,916.5,916.7164,31598,916.867,805
NVDA,2024-03-21 13:31:00,916.75,916.93,915.6801,915.8238,46892,916.346,1070
NVDA,2024-03-21 13:32:00,915.782,916.2699,915.37,915.89,54554,915.7682,1125
NVDA,2024-03-21 13:33:00,916.0178,916.3499,915.12,915.46,52572,915.9194,1026
NVDA,2024-03-21 13:34:00,915.22,915.4506,913.89,913.9162,94749,914.7377,1817
NVDA,2024-03-21 13:35:00,913.8,913.84,911.31,911.31,163329,912.6194,3424
NVDA,2024-03-21 13:36:00,911.33,912.19,910.5601,911.838,132881,911.2879,2773
NVDA,2024-03-21 13:37:00,911.8038,912.9,911.2,912.7911,97535,912.1572,1848
NVDA,2024-03-21 13:38:00,912.9,913.1903,911.7,911.796,71387,912.4075,1443
NVDA,2024-03-21 13:39:00,911.8,912.7,911.6,912.34,51818,912.2864,1157
NVDA,2024-03-21 13:40:00,912.41,912.42,911.2901,911.71,64264,911.8426,1519
NVDA,2024-03-21 13:41:00,911.8,912.4,911.61,911.685,60826,912.0489,1107
NVDA,2024-03-21 13:42:00,911.835,912,910.02,910.0401,111131,911.0629,2144
NVDA,2024-03-21 13:43:00,910.19,911.2009,909.155,911.0053,191131,910.0707,4180
NVDA,2024-03-21 13:44:00,910.95,912.52,910.748,912.4921,90430,911.784,1638
NVDA,2024-03-21 13:45:00,912.49,913.72,912.2793,913.18,122644,913.109,2076
NVDA,2024-03-21 13:46:00,913.3424,913.72,912.89,913.6,66556,913.4574,1357
NVDA,2024-03-21 13:47:00,913.48,913.72,913.03,913.305,56764,913.3896,1152
NVDA,2024-03-21 13:48:00,913.01,914.4599,912.86,914.0398,82280,913.815,1544
NVDA,2024-03-21 13:49:00,914.02,914.135,912.55,912.844,65384,913.3181,1383
NVDA,2024-03-21 13:50:00,912.72,914.02,912.61,913.435,68118,913.5038,1363
NVDA,2024-03-21 13:51:00,913.6799,913.8,913.1,913.46,31072,913.3965,811
NVDA,2024-03-21 13:52:00,913.28,913.28,911.8001,912.35,80849,912.48,1543
NVDA,2024-03-21 13:53:00,912.12,913.4599,911.89,912.435,97009,912.4628,1798
NVDA,2024-03-21 13:54:00,912.76,912.8604,911.88,912.49,42695,912.3131,800
NVDA,2024-03-21 13:55:00,912.2,912.4399,910.77,910.94,87575,911.3805,1540
NVDA,2024-03-21 13:56:00,911.0601,911.4,910.27,910.3915,79095,910.939,1493
NVDA,2024-03-21 13:57:00,910.385,910.6734,908.3,909.7727,213028,909.2923,3679
NVDA,2024-03-21 13:58:00,909.76,910.8,909.7,910.3833,79609,910.363,1514
NVDA,2024-03-21 13:59:00,910.5722,910.97,910.13,910.89,55895,910.6511,1093
NVDA,2024-03-21 14:00:00,910.876,910.9899,909.52,909.9,92919,910.1093,1630
NVDA,2024-03-21 14:01:00,909.97,911.16,909.93,911.05,76086,910.6619,1388
NVDA,2024-03-21 14:02:00,911.2,911.26,910.6,910.83,60607,910.9267,1184
NVDA,2024-03-21 14:03:00,910.762,910.9325,909.9,910.5692,63125,910.3203,1308
NVDA,2024-03-21 14:04:00,910.2852,911.1,909.9,910.15,50880,910.516,1036
NVDA,2024-03-21 14:05:00,910,911.5,910,911.2904,74714,910.8847,1411
NVDA,2024-03-21 14:06:00,911.33,911.86,910.85,911.7517,64648,911.4517,1318
NVDA,2024-03-21 14:07:00,911.79,911.99,911.2238,911.28,60994,911.6626,1217
NVDA,2024-03-21 14:08:00,911.2,912.37,911.2,912.04,80873,912.0345,1612
NVDA,2024-03-21 14:09:00,912.0698,912.25,911.2701,911.8433,56277,911.7483,1174
NVDA,2024-03-21 14:10:00,911.9,912.5999,911.6201,912.48,73913,912.2522,1388
NVDA,2024-03-21 14:11:00,912.422,913.1,912.27,912.742,79303,912.7021,1332
NVDA,2024-03-21 14:12:00,912.65,913.2,912.45,912.99,66609,912.8949,1316
NVDA,2024-03-21 14:13:00,913,913.15,912.1238,912.5,77029,912.7709,1266
NVDA,2024-03-21 14:14:00,912.4729,913.7199,912.47,913.15,100735,913.2118,1694
NVDA,2024-03-21 14:15:00,913.2,914.79,913.0001,914.665,127954,914.1281,2213
NVDA,2024-03-21 14:16:00,914.64,914.79,913.85,914.09,77993,914.4158,1624
NVDA,2024-03-21 14:17:00,914.09,914.4499,913.9,914.03,56803,914.134,1033
NVDA,2024-03-21 14:18:00,914.056,914.33,913.7155,914.08,65624,914.0624,1097
NVDA,2024-03-21 14:19:00,914.16,914.83,914,914.6147,81994,914.4873,1294
NVDA,2024-03-21 14:20:00,914.608,914.84,914.0763,914.2209,87709,914.5166,1511
NVDA,2024-03-21 14:21:00,914.195,914.195,912.76,913.43,97460,913.3214,1812
NVDA,2024-03-21 14:22:00,913.41,913.49,912.6501,913.31,67369,913.1052,1305
NVDA,2024-03-21 14:23:00,913.3336,913.47,912.1173,912.4803,68277,912.7793,1374
NVDA,2024-03-21 14:24:00,912.4199,913.25,912.11,912.9414,53104,912.8091,1046
NVDA,2024-03-21 14:25:00,913.2,913.77,912.525,912.56,60590,913.2119,1187
NVDA,2024-03-21 14:26:00,912.8799,913.4999,912.5501,913.01,46885,913.0166,1020
NVDA,2024-03-21 14:27:00,913.025,913.9599,912.75,913.82,53317,913.4114,1199
NVDA,2024-03-21 14:28:00,913.65,914.8799,913.5901,914.86,95622,914.3259,1737
NVDA,2024-03-21 14:29:00,914.7447,915.75,914.58,915.4838,138665,915.2514,2437
NVDA,2024-03-21 14:30:00,915.59,916.1799,915.3197,915.682,92515,915.7725,1903
NVDA,2024-03-21 14:31:00,915.68,916.32,915.51,916.15,95510,915.9151,1592
NVDA,2024-03-21 14:32:00,916.16,916.83,915.05,915.1805,117760,915.8696,2142
NVDA,2024-03-21 14:33:00,915.1805,916.4,915.05,915.35,106449,915.899,1717
NVDA,2024-03-21 14:34:00,915.59,916,915.02,915.64,58406,915.4121,1259
NVDA,2024-03-21 14:35:00,915.515,915.7,914.74,915.435,49166,915.3006,1212
NVDA,2024-03-21 14:36:00,915.6,915.7299,914.88,915.08,50366,915.2525,1177
NVDA,2024-03-21 14:37:00,915.1,915.3799,914.12,914.315,72338,914.6607,1376
NVDA,2024-03-21 14:38:00,914.2,914.9699,914.18,914.6101,59382,914.6045,1151
NVDA,2024-03-21 14:39:00,914.7,914.99,914.44,914.9,38929,914.7625,958
NVDA,2024-03-21 14:40:00,914.8337,915.06,914.62,914.98,49217,914.8616,1338
NVDA,2024-03-21 14:41:00,914.99,916.13,914.99,916.0079,128658,915.5869,2510
NVDA,2024-03-21 14:42:00,916,916.055,915.5101,915.74,56099,915.7821,1193
NVDA,2024-03-21 14:43:00,915.8083,915.98,915.2,915.82,82148,915.64,1728
NVDA,2024-03-21 14:44:00,915.7913,916.45,915.5801,916.3708,102814,916.0583,2056
NVDA,2024-03-21 14:45:00,916.3898,916.48,915.19,915.19,83625,915.844,1879
NVDA,2024-03-21 14:46:00,915.26,915.5,914.25,914.43,95832,914.9072,2168
NVDA,2024-03-21 14:47:00,914.46,914.6499,913.8601,914.36,81226,914.2145,1889
NVDA,2024-03-21 14:48:00,914.3165,914.44,912.7,913.0895,102884,913.4993,2434
NVDA,2024-03-21 14:49:00,913.11,913.88,913.0404,913.88,72370,913.4828,1657
NVDA,2024-03-21 14:50:00,913.88,916,913.88,915.6364,153031,915.3321,3069
NVDA,2024-03-21 14:51:00,915.5,916.4,915.03,915.93,154451,915.8656,3120
NVDA,2024-03-21 14:52:00,915.5824,915.94,914.86,915.245,70733,915.2248,1810
NVDA,2024-03-21 14:53:00,915.26,915.85,914.4,915.43,95488,915.1316,2180
NVDA,2024-03-21 14:54:00,915.565,915.85,914.59,915.34,111081,915.3385,2406
NVDA,2024-03-21 14:55:00,914.98,915.97,914.23,914.825,95713,914.794,2361
NVDA,2024-03-21 14:56:00,914.955,915.5566,914.64,915.335,121099,915.1636,2339
NVDA,2024-03-21 14:57:00,915.27,915.27,913.13,913.26,155699,913.9227,3315
NVDA,2024-03-21 14:58:00,913.23,915,913.23,914.6801,171396,914.3497,4109
NVDA,2024-03-21 14:59:00,914.78,914.95,913.5,913.81,276198,914.436,5483
NVDA,2024-03-21 15:00:00,914.35,914.35,913.4,913.83,308796,914.3446,226
NVDA,2024-03-21 15:01:00,914,914.35,913.5398,913.5501,11992,914.2192,101
NVDA,2024-03-21 15:02:00,913.5371,914.35,913.11,913.27,66984,914.2392,156
NVDA,2024-03-21 15:03:00,913.4383,913.4383,913.02,913.0216,4317,913.1571,92
NVDA,2024-03-21 15:04:00,913.19,913.19,913,913.03,19073,914.0176,154
NVDA,2024-03-21 15:05:00,913.03,913.44,913.03,913.287,6392,913.3015,143
NVDA,2024-03-21 15:06:00,913.37,913.5,913.32,913.5,4973,913.4506,129
NVDA,2024-03-21 15:07:00,913.5,913.5,913.3,913.49,4040,913.4302,109
NVDA,2024-03-21 15:08:00,913.3232,913.45,913.29,913.29,2971,913.3477,101
NVDA,2024-03-21 15:09:00,913.18,913.25,913.11,913.11,2587,913.1731,77
NVDA,2024-03-21 15:10:00,913.11,914.35,913,913,5929,913.1346,140
NVDA,2024-03-21 15:11:00,913,913,912.88,912.88,4000,912.9,86
NVDA,2024-03-21 15:12:00,912.88,914.35,912.88,913.1,5391,913.8092,101
NVDA,2024-03-21 15:13:00,913.41,914,913.41,913.45,5642,913.5509,146
NVDA,2024-03-21 15:14:00,913.9082,913.95,913.57,913.9,3875,913.8194,90
NVDA,2024-03-21 15:15:00,914,914.35,913.5,914.35,2814,913.9285,78
NVDA,2024-03-21 15:16:00,913.57,913.57,913.35,913.35,1128,913.4553,73
NVDA,2024-03-21 15:17:00,913.27,913.27,913.1,913.1,1395,913.1837,60
NVDA,2024-03-21 15:18:00,913.103,913.23,913.1018,913.23,4901,913.2597,81
NVDA,2024-03-21 15:19:00,913.21,913.21,913.15,913.2,2496,913.2049,68
NVDA,2024-03-21 15:20:00,914.35,914.35,913.16,913.16,13691,914.2472,51
NVDA,2024-03-21 15:21:00,913.2,913.5,913.2,913.5,478,913.3533,43
NVDA,2024-03-21 15:22:00,913.5,913.5,913.5,913.5,810,913.4092,69
NVDA,2024-03-21 15:23:00,913.33,913.35,913.3272,913.3272,1596,913.3457,48
NVDA,2024-03-21 15:24:00,913.2252,913.2252,913.2252,913.2252,938,913.3509,64
NVDA,2024-03-21 15:25:00,913.25,913.56,913.25,913.56,1679,913.4833,46
NVDA,2024-03-21 15:26:00,913.5,913.52,913.5,913.52,829,913.5387,53
NVDA,2024-03-21 15:27:00,913.56,913.57,913.56,913.57,1247,913.597,51
NVDA,2024-03-21 15:28:00,913.7,913.7,913.7,913.7,523,913.6904,34
NVDA,2024-03-21 15:29:00,913.8,913.8,913.26,913.4,1072,913.5609,70
NVDA,2024-03-21 15:30:00,913.31,913.53,913.31,913.53,448,913.4993,45
NVDA,2024-03-21 15:32:00,913.48,913.49,913.48,913.49,973,913.4097,57
NVDA,2024-03-21 15:33:00,913.26,913.26,913.2,913.2,1654,913.2313,65
NVDA,2024-03-21 15:34:00,913.15,913.21,913.01,913.01,4225,913.0935,73
NVDA,2024-03-21 15:35:00,913.01,913.02,912.84,913,2939,912.9969,91
NVDA,2024-03-21 15:36:00,912.84,913,912.84,913,790,912.665,39
NVDA,2024-03-21 15:37:00,912.84,912.84,912.22,912.29,7044,912.6836,136
NVDA,2024-03-21 15:38:00,912.3738,912.3738,912.0101,912.16,1632,912.1917,78
NVDA,2024-03-21 15:39:00,912.2,912.5,912.2,912.5,4157,912.4288,100
NVDA,2024-03-21 15:40:00,912.31,912.31,912.05,912.3,2912,912.2262,81
NVDA,2024-03-21 15:41:00,912.5,912.5,912.32,912.49,1936,912.3462,63
NVDA,2024-03-21 15:42:00,912.31,912.5,912.31,912.5,1443,912.3771,51
NVDA,2024-03-21 15:43:00,912.6782,912.75,912.6782,912.68,864,912.7162,46
NVDA,2024-03-21 15:44:00,912.68,912.68,912.68,912.68,909,912.6783,42
NVDA,2024-03-21 15:45:00,912.43,912.43,912.4,912.4,751,912.4767,52
NVDA,2024-03-21 15:46:00,912.45,912.8,912.45,912.8,1413,912.5489,63
NVDA,2024-03-21 15:47:00,912.52,912.79,912.5,912.51,3153,912.5649,71
NVDA,2024-03-21 15:48:00,912.6,912.6,912.45,912.6,1665,912.5586,53
NVDA,2024-03-21 15:49:00,912.6,912.6,912.46,912.51,1520,912.5927,47
NVDA,2024-03-21 15:50:00,912.51,912.51,912.5,912.5,798,912.5519,42
NVDA,2024-03-21 15:51:00,912.5,912.5999,912.5,912.5999,1277,912.598,37
NVDA,2024-03-21 15:52:00,912.5,912.544,911.8,911.8,12585,912.2883,179
NVDA,2024-03-21 15:53:00,911.637,911.9,911.56,911.7,1931,901.1572,71
NVDA,2024-03-21 15:54:00,912,912,911.23,911.23,2662,854.563,114
NVDA,2024-03-21 15:55:00,911.12,911.39,911.12,911.39,3124,845.6906,86
NVDA,2024-03-21 15:56:00,911.21,911.5,911.18,911.22,3149,853.4528,97
NVDA,2024-03-21 15:57:00,911.38,911.5,911.38,911.5,1280,780.8047,72
NVDA,2024-03-21 15:58:00,912,912,911.63,911.63,2345,819.7557,81
NVDA,2024-03-21 15:59:00,911.98,912,911.75,911.85,3406,760.154,62
NVDA,2024-03-21 16:00:00,911.6,911.7,911.5201,911.5201,16207,910.6853,54
NVDA,2024-03-21 16:01:00,911.62,911.62,911.62,911.62,1872,770.3599,45
NVDA,2024-03-21 16:02:00,911.77,911.9,911.77,911.9,1505,911.7337,84
NVDA,2024-03-21 16:03:00,912,912,912,912,1164,912.0059,78
NVDA,2024-03-21 16:04:00,911.99,911.99,911.99,911.99,191,912.098,25
NVDA,2024-03-21 16:05:00,912.2748,912.39,911.76,911.76,1107,912.2605,64
NVDA,2024-03-21 16:06:00,912.0379,912.36,912.0379,912.36,714,912.2913,38
NVDA,2024-03-21 16:07:00,912.3,912.5,912.3,912.5,1877,912.409,78
NVDA,2024-03-21 16:08:00,912.5,912.5,912.44,912.44,2476,912.4527,41
NVDA,2024-03-21 16:09:00,912.65,912.69,912.4,912.69,1093,912.606,34
NVDA,2024-03-21 16:11:00,912.5,912.5,912.5,912.5,680,912.4897,45
NVDA,2024-03-21 16:12:00,912.35,912.36,912.35,912.36,435,912.3629,37
NVDA,2024-03-21 16:13:00,912.25,912.25,912.13,912.13,815,912.245,50
NVDA,2024-03-21 16:14:00,912.1,912.1,912.03,912.1,1098,912.0391,64
NVDA,2024-03-21 16:15:00,911.74,912,911.7192,911.72,1841,911.7934,59
NVDA,2024-03-21 16:16:00,912,912,911.73,911.98,1088,911.8825,46
NVDA,2024-03-21 16:17:00,911.99,912.44,911.99,912.44,1473,912.141,51
NVDA,2024-03-21 16:18:00,912.17,912.39,912.17,912.38,371,912.3084,27
NVDA,2024-03-21 16:19:00,912.49,912.7,912.49,912.7,1003,912.5364,56
NVDA,2024-03-21 16:20:00,912.85,912.85,912.76,912.76,2328,912.7943,41
NVDA,2024-03-21 16:21:00,912.55,912.55,912.55,912.55,841,912.5966,53
NVDA,2024-03-21 16:22:00,912.66,912.66,912.66,912.66,301,912.6523,33
NVDA,2024-03-21 16:23:00,912.67,912.68,912.55,912.68,896,912.6241,44
NVDA,2024-03-21 16:25:00,912.46,912.79,912.46,912.79,641,912.6353,29
NVDA,2024-03-21 16:26:00,912.4709,912.65,912.4709,912.65,967,912.5942,39
NVDA,2024-03-21 16:27:00,912.79,912.79,912.65,912.65,972,912.7391,41
NVDA,2024-03-21 16:29:00,912.74,912.85,912.74,912.77,2839,912.7765,62
NVDA,2024-03-21 16:30:00,912.38,912.38,912.38,912.38,249,912.4756,39
NVDA,2024-03-21 16:32:00,912.67,912.67,912.6,912.6,384,912.6363,29
NVDA,2024-03-21 16:33:00,912.5,912.649,912.134,912.38,897,912.4135,53
NVDA,2024-03-21 16:34:00,912.5896,912.5896,912.3,912.3,560,912.3697,37
NVDA,2024-03-21 16:37:00,912.35,912.35,912.35,912.35,391,912.3616,57
NVDA,2024-03-21 16:38:00,912.24,912.24,912.24,912.24,268,912.2552,36
NVDA,2024-03-21 16:39:00,912.35,912.35,912.16,912.16,1073,912.226,31
NVDA,2024-03-21 16:41:00,912.3,912.3,912.1,912.19,1928,912.1818,29
NVDA,2024-03-21 16:43:00,912.3,912.5,912.3,912.5,745,912.4259,40
NVDA,2024-03-21 16:44:00,912.43,912.43,912.43,912.43,367,912.4681,37
NVDA,2024-03-21 16:45:00,912.6,912.6,912.3,912.58,1182,912.5544,42
NVDA,2024-03-21 16:47:00,912.6,912.7,912.6,912.7,1570,912.6662,44
NVDA,2024-03-21 16:48:00,912.64,912.64,912.64,912.64,463,912.66,35
NVDA,2024-03-21 16:49:00,912.74,912.75,912.72,912.75,1682,912.7451,57
NVDA,2024-03-21 16:50:00,912.77,912.77,912.74,912.74,710,912.7571,31
NVDA,2024-03-21 16:51:00,912.77,913,912.77,913,2526,912.9752,84
NVDA,2024-03-21 16:52:00,913.15,913.15,913.15,913.15,1054,913.1044,57
NVDA,2024-03-21 16:54:00,913.15,913.15,913,913.1,1460,913.082,59
NVDA,2024-03-21 16:55:00,913.07,913.07,913.07,913.07,508,913.0524,35
NVDA,2024-03-21 16:56:00,913.1,913.1,913.1,913.1,773,913.0794,36
NVDA,2024-03-21 16:57:00,913,913,913,913,396,912.938,47
NVDA,2024-03-21 16:58:00,912.8063,912.8063,912.53,912.53,746,912.7641,56
NVDA,2024-03-21 16:59:00,912.53,912.53,912.34,912.34,1972,912.4481,64
NVDA,2024-03-21 17:00:00,912.59,912.59,912.59,912.59,330,912.5953,29
NVDA,2024-03-21 17:01:00,912.5525,912.5525,912.55,912.55,735,912.6479,47
NVDA,2024-03-21 17:02:00,912.74,912.74,912.74,912.74,366,912.7393,49
NVDA,2024-03-21 17:03:00,912.95,913,912.95,913,931,912.9378,55
NVDA,2024-03-21 17:04:00,912.74,912.81,912.69,912.69,815,912.7806,44
NVDA,2024-03-21 17:05:00,912.51,912.53,912.4101,912.4101,884,912.582,41
NVDA,2024-03-21 17:07:00,912.88,912.88,912.43,912.43,364,912.5841,27
NVDA,2024-03-21 17:08:00,912.36,912.36,912.36,912.36,421,912.5755,29
NVDA,2024-03-21 17:09:00,912.7,912.7,912.7,912.7,726,912.5804,35
NVDA,2024-03-21 17:10:00,912.35,912.35,912.1339,912.1339,1018,912.238,35
NVDA,2024-03-21 17:11:00,912.3,912.3,912,912.02,2100,912.0693,81
NVDA,2024-03-21 17:12:00,912.3,912.3,912.3,912.3,833,912.2178,37
NVDA,2024-03-21 17:13:00,912,912,911.5,911.61,3847,911.7667,128
NVDA,2024-03-21 17:14:00,911.45,911.6601,911.45,911.66,1610,911.5901,58
NVDA,2024-03-21 17:15:00,911.53,911.65,911.53,911.63,707,911.912,42
NVDA,2024-03-21 17:16:00,912.22,912.22,912.1,912.1,1121,912.1943,43
NVDA,2024-03-21 17:17:00,912.337,912.337,912.3,912.3,855,912.2936,33
NVDA,2024-03-21 17:18:00,912.36,912.36,912.23,912.23,301,912.267,33
NVDA,2024-03-21 17:19:00,912.25,912.25,912.1,912.25,894,912.2078,35
NVDA,2024-03-21 17:20:00,912.1,912.36,912.1,912.36,411,912.2629,32
NVDA,2024-03-21 17:21:00,912.25,912.36,912.25,912.31,924,912.3449,40
NVDA,2024-03-21 17:22:00,912.4,912.4,912.4,912.4,665,912.4047,33
NVDA,2024-03-21 17:23:00,912.35,912.35,912.34,912.34,647,912.3625,36
NVDA,2024-03-21 17:24:00,912.4489,912.4492,912.25,912.25,1292,912.3068,42
NVDA,2024-03-21 17:25:00,912.05,912.2,912.05,912.2,868,912.1676,49
NVDA,2024-03-21 17:26:00,912.2,912.24,912.1226,912.1226,1208,912.2093,26
NVDA,2024-03-21 17:27:00,912.45,912.45,912.45,912.45,1014,912.4417,21
NVDA,2024-03-21 17:28:00,912.5,912.5,912.5,912.5,514,912.5154,33
NVDA,2024-03-21 17:29:00,912.12,912.1709,912.12,912.1709,1726,912.166,40
NVDA,2024-03-21 17:30:00,912.12,912.25,912.12,912.12,935,912.1937,31
NVDA,2024-03-21 17:31:00,912.26,912.26,912.26,912.26,348,912.2557,27
NVDA,2024-03-21 17:33:00,912,912,912,912,1108,911.997,52
NVDA,2024-03-21 17:34:00,911.98,911.98,911.98,911.98,633,911.917,36
NVDA,2024-03-21 17:35:00,911.85,911.85,911.85,911.85,546,911.9205,32
NVDA,2024-03-21 17:37:00,912.05,912.05,912.0001,912.0001,810,912.0875,39
NVDA,2024-03-21 17:38:00,912.1,912.2,912.1,912.2,561,912.1461,30
NVDA,2024-03-21 17:39:00,912,912,912,912,166,912.0977,18
NVDA,2024-03-21 17:45:00,912.38,912.38,912.38,912.38,309,912.4007,24
NVDA,2024-03-21 17:46:00,912.13,912.13,912.13,912.13,593,912.1822,30
NVDA,2024-03-21 17:47:00,912.27,912.27,912,912,551,912.1975,40
NVDA,2024-03-21 17:48:00,912.5,912.5,912.5,912.5,513,912.3298,31
NVDA,2024-03-21 17:49:00,912.1435,912.1435,912.1435,912.1435,452,912.2525,35
NVDA,2024-03-21 17:50:00,912.49,912.5,912.49,912.5,1453,912.4912,40
NVDA,2024-03-21 17:51:00,912.6,912.6,912.55,912.56,1139,912.5544,46
NVDA,2024-03-21 17:52:00,912.74,912.74,912.74,912.74,281,912.7211,25
NVDA,2024-03-21 17:53:00,912.9175,912.95,912.65,912.95,2524,912.7595,52
NVDA,2024-03-21 17:54:00,912.95,913.15,912.95,913.15,3108,913.006,80
NVDA,2024-03-21 17:55:00,913.1486,913.15,913.13,913.15,1922,913.1242,40
NVDA,2024-03-21 17:56:00,913.05,913.05,913,913,767,913.0231,49
NVDA,2024-03-21 17:58:00,912.75,913.0207,912.75,913.0207,1764,912.9175,39
NVDA,2024-03-21 17:59:00,913,913.38,913,913.38,12333,913.1713,73
NVDA,2024-03-21 18:00:00,913.4,913.4,913.4,913.4,542,913.4383,32
NVDA,2024-03-21 18:01:00,913.4,913.4,913.4,913.4,626,913.5419,47
NVDA,2024-03-21 18:02:00,913.5,913.5,913.5,913.5,1381,913.5026,40
NVDA,2024-03-21 18:03:00,913.75,913.75,913.75,913.75,1302,913.7058,31
NVDA,2024-03-21 18:04:00,913,913,913,913,393,913.3645,22
NVDA,2024-03-21 18:05:00,913.35,913.69,913.35,913.69,1153,913.5671,36
NVDA,2024-03-21 18:06:00,913.42,913.42,913.42,913.42,656,913.5065,29
NVDA,2024-03-21 18:07:00,913.4,913.8,913.4,913.8,2159,913.6562,68
NVDA,2024-03-21 18:08:00,913.75,913.8,913.75,913.8,1890,913.7887,48
NVDA,2024-03-21 18:09:00,913.9,914.17,913.81,914.17,4341,913.9763,114
NVDA,2024-03-21 18:11:00,913.62,913.62,913.62,913.62,566,913.7039,45
NVDA,2024-03-21 18:12:00,913.79,913.79,913.79,913.79,581,913.7492,36
NVDA,2024-03-21 18:13:00,913.78,913.85,913.78,913.83,1958,913.8376,53
NVDA,2024-03-21 18:14:00,913.88,913.88,913.88,913.88,659,913.8621,44
NVDA,2024-03-21 18:15:00,913.8999,913.8999,913.75,913.75,866,913.822,45
NVDA,2024-03-21 18:16:00,913.8,913.8,913.71,913.71,1255,913.7624,66
NVDA,2024-03-21 18:17:00,913.5,913.5,913.5,913.5,541,913.5477,46
NVDA,2024-03-21 18:18:00,913.71,913.71,913.71,913.71,672,913.6968,31
NVDA,2024-03-21 18:19:00,913.5,913.84,913.5,913.84,1619,913.7011,45
NVDA,2024-03-21 18:20:00,913.84,913.84,913.84,913.84,385,913.7224,42
NVDA,2024-03-21 18:22:00,913.85,913.85,913.85,913.85,416,913.8131,30
NVDA,2024-03-21 18:23:00,913.79,913.79,913.7,913.7,542,913.7731,31
NVDA,2024-03-21 18:25:00,913.57,913.57,913.57,913.57,214,913.6387,24
NVDA,2024-03-21 18:26:00,913.7,913.7,913.7,913.7,691,913.667,52
NVDA,2024-03-21 18:27:00,913.7,913.7,913.7,913.7,1006,913.6595,58
NVDA,2024-03-21 18:29:00,913.7399,913.74,913.69,913.69,600,913.7082,34
NVDA,2024-03-21 18:30:00,913.75,913.85,913.75,913.85,1273,913.8012,47
NVDA,2024-03-21 18:32:00,913.61,913.61,913.54,913.56,1473,913.5938,40
NVDA,2024-03-21 18:33:00,913.55,913.75,913.55,913.75,1996,913.6792,44
NVDA,2024-03-21 18:35:00,913.71,913.71,913.6,913.7,2166,913.6867,64
NVDA,2024-03-21 18:36:00,913.7,913.7,913.7,913.7,887,913.7113,40
NVDA,2024-03-21 18:37:00,913.8,913.8,913.8,913.8,663,913.7271,47
NVDA,2024-03-21 18:39:00,913.8,913.8,913.7,913.7,2935,913.7717,82
NVDA,2024-03-21 18:40:00,913.77,913.77,913.76,913.77,767,913.7375,45
NVDA,2024-03-21 18:41:00,913.56,913.8,913.56,913.8,1497,913.7782,47
NVDA,2024-03-21 18:42:00,913.8,913.95,913.8,913.95,967,913.8887,41
NVDA,2024-03-21 18:43:00,913.95,914,913.8,914,2873,913.9429,84
NVDA,2024-03-21 18:44:00,913.82,914,913.75,914,2419,913.9192,76
NVDA,2024-03-21 18:45:00,914.29,914.35,914.29,914.35,1509,914.2486,88
NVDA,2024-03-21 18:46:00,914.35,914.75,914.35,914.75,2002,914.5553,83
NVDA,2024-03-21 18:47:00,914.78,914.78,914.49,914.5,2325,914.5846,80
NVDA,2024-03-21 18:49:00,914.65,914.65,914.6,914.63,1070,914.6123,62
NVDA,2024-03-21 18:50:00,914.62,914.9,914.6,914.9,2255,914.7323,81
NVDA,2024-03-21 18:51:00,914.92,914.92,914.9,914.9,1374,914.8861,55
NVDA,2024-03-21 18:52:00,914.85,914.89,914.85,914.89,1093,914.8807,57
NVDA,2024-03-21 18:53:00,914.88,914.88,914.72,914.72,1856,914.7874,82
NVDA,2024-03-21 18:54:00,914.67,914.8,914.67,914.8,2031,914.7538,55
NVDA,2024-03-21 18:55:00,914.8,914.87,914.76,914.87,3733,914.8157,84
NVDA,2024-03-21 18:56:00,914.77,914.9199,914.76,914.88,4181,914.8553,92
NVDA,2024-03-21 18:57:00,914.89,914.99,914.89,914.99,2657,914.9461,91
NVDA,2024-03-21 18:58:00,914.95,915,914.9009,914.9009,5224,914.9696,90
NVDA,2024-03-21 18:59:00,914.9,914.97,914.88,914.9,4037,914.9129,129
